model,target_scale,term,factor,variable,coef,std_err,p_value,direction,comparable_abs_effect
原方案详细天气FE回归,原始正向销量,"C(weather, Treatment(reference='晴'))[T.雨夹雪]",weather_detail,雨夹雪,2.3491221641992297,0.7192085457263035,0.0010897810867938602,正关联,2.3491221641992297
原方案详细天气FE回归,原始正向销量,is_activity_day,is_activity_day,is_activity_day,1.9943027659950971,0.3328664428782834,2.0817004119770216e-09,正关联,1.9943027659950971
原方案详细天气FE回归,原始正向销量,"C(weather, Treatment(reference='晴'))[T.暴雨]",weather_detail,暴雨,-1.9749471114634432,0.8737514972332816,0.02380216934157058,负关联,1.9749471114634432
原方案详细天气FE回归,原始正向销量,min_temperature,min_temperature,min_temperature,0.08474596449739442,0.032023737427322216,0.008136598031604953,正关联,1.3559354319583108
原方案详细天气FE回归,原始正向销量,"C(weather, Treatment(reference='晴'))[T.中到大雨]",weather_detail,中到大雨,-0.9714712064094719,0.3884362617596725,0.012385027639970882,负关联,0.9714712064094719
原方案详细天气FE回归,原始正向销量,max_temperature,max_temperature,max_temperature,-0.060975759273097854,0.030835070241680005,0.04798730903994434,负关联,0.9146363890964678
原方案详细天气FE回归,原始正向销量,"C(weather, Treatment(reference='晴'))[T.中雨]",weather_detail,中雨,-0.7864387758774035,0.24537031080237837,0.0013501098948406139,负关联,0.7864387758774035
原方案详细天气FE回归,原始正向销量,"C(weather, Treatment(reference='晴'))[T.大雨]",weather_detail,大雨,-0.7651024592701208,0.5315322797118397,0.15002928902838514,负关联,0.7651024592701208
原方案详细天气FE回归,原始正向销量,"C(weather, Treatment(reference='晴'))[T.阵雨]",weather_detail,阵雨,-0.513498793978421,0.1746215208985907,0.003275363765477279,负关联,0.513498793978421
原方案详细天气FE回归,原始正向销量,"C(weather, Treatment(reference='晴'))[T.阴]",weather_detail,阴,-0.3971208476258991,0.1467762466821998,0.006817687249006707,负关联,0.3971208476258991
原方案详细天气FE回归,原始正向销量,"C(weather, Treatment(reference='晴'))[T.雷阵雨]",weather_detail,雷阵雨,-0.36528443776779373,0.18172672811503793,0.044423202220546035,负关联,0.36528443776779373
原方案详细天气FE回归,原始正向销量,"C(weather, Treatment(reference='晴'))[T.多云]",weather_detail,多云,-0.29297675012400115,0.12143809820324804,0.015840911334269184,负关联,0.29297675012400115
原方案详细天气FE回归,原始正向销量,is_holiday,is_holiday,is_holiday,0.2612666452005914,0.12992590849492988,0.0443371296496502,正关联,0.2612666452005914
原方案详细天气FE回归,原始正向销量,"C(weather, Treatment(reference='晴'))[T.小雨]",weather_detail,小雨,-0.2453227642566609,0.1170627757301652,0.03611313027325279,负关联,0.2453227642566609
原方案详细天气FE回归,原始正向销量,"C(weather, Treatment(reference='晴'))[T.小到中雨]",weather_detail,小到中雨,-0.24189501712617048,0.23741416904428642,0.30826300245338323,负关联,0.24189501712617048
原方案详细天气FE回归,原始正向销量,"C(weather, Treatment(reference='晴'))[T.大到暴雨]",weather_detail,大到暴雨,-0.21024354138465734,0.4443586478319041,0.6361137972623847,负关联,0.21024354138465734
原方案详细天气FE回归,原始正向销量,wind_power,wind_power,wind_power,0.03196987422232429,0.08611641437559203,0.7104586395943296,正关联,0.06393974844464859
合并天气_对数销量_历史控制FE回归,log1p销量,is_activity_day,is_activity_day,is_activity_day,0.3256075588857611,0.041371950004878,3.5393535895901887e-15,正关联,0.3256075588857611
合并天气_对数销量_历史控制FE回归,log1p销量,"C(weather_group, Treatment(reference='no_precip'))[T.sleet_rare]",weather_group,雨夹雪,0.32470044644273044,0.07896737110865351,3.92534418118776e-05,正关联,0.32470044644273044
合并天气_对数销量_历史控制FE回归,log1p销量,"C(weather_group, Treatment(reference='no_precip'))[T.moderate_heavy_rain]",weather_group,中大雨及以上,-0.05324715487914765,0.0238839226947216,0.025786362538372867,负关联,0.05324715487914765
合并天气_对数销量_历史控制FE回归,log1p销量,is_holiday,is_holiday,is_holiday,0.04634457902513462,0.019041948866225417,0.014940632889314394,正关联,0.04634457902513462
合并天气_对数销量_历史控制FE回归,log1p销量,wind_power,wind_power,wind_power,-0.011508685392675766,0.004139120228975734,0.005428084950956453,负关联,0.023017370785351533
合并天气_对数销量_历史控制FE回归,log1p销量,avg_temperature,avg_temperature,avg_temperature,0.0010692573058792352,0.0015539682343229538,0.4914012521982255,正关联,0.016038859588188528
合并天气_对数销量_历史控制FE回归,log1p销量,temperature_range,temperature_range,temperature_range,-0.0023319110326529137,0.0021514059743182466,0.278408707394326,负关联,0.011659555163264569
合并天气_对数销量_历史控制FE回归,log1p销量,"C(weather_group, Treatment(reference='no_precip'))[T.light_rain]",weather_group,小雨/阵雨,-0.006941230730280115,0.011997201765270405,0.562878806162983,负关联,0.006941230730280115
温度分箱_对数销量_历史控制FE回归,log1p销量,"C(weather_group, Treatment(reference='no_precip'))[T.sleet_rare]",weather_group,雨夹雪,0.32652883093345264,0.08022143626502957,4.694379488859553e-05,正关联,0.32652883093345264
温度分箱_对数销量_历史控制FE回归,log1p销量,is_activity_day,is_activity_day,is_activity_day,0.32598583618612786,0.04178396517562702,6.1080157298529675e-15,正关联,0.32598583618612786
温度分箱_对数销量_历史控制FE回归,log1p销量,is_holiday,is_holiday,is_holiday,0.043674571636751064,0.01902717859180585,0.021711457497159258,正关联,0.043674571636751064
温度分箱_对数销量_历史控制FE回归,log1p销量,"C(weather_group, Treatment(reference='no_precip'))[T.moderate_heavy_rain]",weather_group,中大雨及以上,-0.04264727151510856,0.022080506112740834,0.05342810972796386,负关联,0.04264727151510856
温度分箱_对数销量_历史控制FE回归,log1p销量,wind_power,wind_power,wind_power,-0.011826096185972593,0.004194978040489657,0.004815731079963262,负关联,0.023652192371945185
温度分箱_对数销量_历史控制FE回归,log1p销量,C(temp_bin)[T.T4],temp_bin,T4,0.023523803174359016,0.029361685588809527,0.4230312346379913,正关联,0.023523803174359016
温度分箱_对数销量_历史控制FE回归,log1p销量,C(temp_bin)[T.T3],temp_bin,T3,0.02042661422515804,0.02552507084928291,0.42356196542448277,正关联,0.02042661422515804
温度分箱_对数销量_历史控制FE回归,log1p销量,C(temp_bin)[T.T2],temp_bin,T2,-0.0022626576949056013,0.01937393736953099,0.9070274684732311,负关联,0.0022626576949056013
温度分箱_对数销量_历史控制FE回归,log1p销量,"C(weather_group, Treatment(reference='no_precip'))[T.light_rain]",weather_group,小雨/阵雨,-0.0013926211261100349,0.010984792157743594,0.8991167466451124,负关联,0.0013926211261100349
周末补充_无星期FE回归,log1p销量,is_activity_day,is_activity_day,is_activity_day,0.32457943814312207,0.040951758303054336,2.2650439913107313e-15,正关联,0.32457943814312207
周末补充_无星期FE回归,log1p销量,"C(weather_group, Treatment(reference='no_precip'))[T.sleet_rare]",weather_group,雨夹雪,0.32450496161754794,0.08036319723523254,5.3913509987447716e-05,正关联,0.32450496161754794
周末补充_无星期FE回归,log1p销量,is_weekend,is_weekend,is_weekend,0.06506951720687398,0.011091808904009274,4.452305253979578e-09,正关联,0.06506951720687398
周末补充_无星期FE回归,log1p销量,"C(weather_group, Treatment(reference='no_precip'))[T.moderate_heavy_rain]",weather_group,中大雨及以上,-0.051071317102999905,0.023866276888944063,0.0323632853930261,负关联,0.051071317102999905
周末补充_无星期FE回归,log1p销量,is_holiday,is_holiday,is_holiday,0.047886732017890885,0.01913419482984934,0.012325756257972163,正关联,0.047886732017890885
周末补充_无星期FE回归,log1p销量,wind_power,wind_power,wind_power,-0.011857692378441198,0.004116648240426813,0.003971406909274243,负关联,0.023715384756882396
周末补充_无星期FE回归,log1p销量,avg_temperature,avg_temperature,avg_temperature,0.001146644111746781,0.001549563285517411,0.4593128067577925,正关联,0.017199661676201714
周末补充_无星期FE回归,log1p销量,temperature_range,temperature_range,temperature_range,-0.0021529148591145388,0.0021371099124071775,0.3137447641225143,负关联,0.010764574295572694
周末补充_无星期FE回归,log1p销量,"C(weather_group, Treatment(reference='no_precip'))[T.light_rain]",weather_group,小雨/阵雨,-0.00516942856722834,0.0119573271966841,0.665506612139982,负关联,0.00516942856722834
去异常日_对数销量_历史控制FE回归,log1p销量；去日总销量异常日,is_activity_day,is_activity_day,is_activity_day,0.18021670048456034,0.03263342047034232,3.342893425557737e-08,正关联,0.18021670048456034
去异常日_对数销量_历史控制FE回归,log1p销量；去日总销量异常日,"C(weather_group, Treatment(reference='no_precip'))[T.sleet_rare]",weather_group,雨夹雪,0.1334770625190073,0.021706096250502654,7.783096841991084e-10,正关联,0.1334770625190073
去异常日_对数销量_历史控制FE回归,log1p销量；去日总销量异常日,is_holiday,is_holiday,is_holiday,0.05611535696798874,0.01835618718165376,0.0022354425549545903,正关联,0.05611535696798874
去异常日_对数销量_历史控制FE回归,log1p销量；去日总销量异常日,"C(weather_group, Treatment(reference='no_precip'))[T.moderate_heavy_rain]",weather_group,中大雨及以上,-0.04213665328550355,0.022842258230470293,0.0650841250084472,负关联,0.04213665328550355
去异常日_对数销量_历史控制FE回归,log1p销量；去日总销量异常日,wind_power,wind_power,wind_power,-0.01052614189707185,0.0039951614193694095,0.0084206081133554,负关联,0.0210522837941437
去异常日_对数销量_历史控制FE回归,log1p销量；去日总销量异常日,"C(weather_group, Treatment(reference='no_precip'))[T.light_rain]",weather_group,小雨/阵雨,-0.01072573611885761,0.011137135731227132,0.3355171352720422,负关联,0.01072573611885761
去异常日_对数销量_历史控制FE回归,log1p销量；去日总销量异常日,avg_temperature,avg_temperature,avg_temperature,-0.0005036913671853129,0.0014135383969940316,0.7215906744333922,负关联,0.007555370507779693
去异常日_对数销量_历史控制FE回归,log1p销量；去日总销量异常日,temperature_range,temperature_range,temperature_range,0.0001091787646309667,0.002002927620828326,0.9565291677503873,正关联,0.0005458938231548336
标准化销量_历史控制FE回归,门店-商品内标准化销量,"C(weather_group, Treatment(reference='no_precip'))[T.sleet_rare]",weather_group,雨夹雪,0.7738066969949173,0.2314323686251862,0.0008271249792503297,正关联,0.7738066969949173
标准化销量_历史控制FE回归,门店-商品内标准化销量,is_activity_day,is_activity_day,is_activity_day,0.6430653921354382,0.07785210053047226,1.455621224861759e-16,正关联,0.6430653921354382
标准化销量_历史控制FE回归,门店-商品内标准化销量,is_holiday,is_holiday,is_holiday,0.06660076093405035,0.03080072633876509,0.030594183496775642,正关联,0.06660076093405035
标准化销量_历史控制FE回归,门店-商品内标准化销量,"C(weather_group, Treatment(reference='no_precip'))[T.moderate_heavy_rain]",weather_group,中大雨及以上,-0.04851514515787843,0.03671661270451574,0.1863878759015729,负关联,0.04851514515787843
标准化销量_历史控制FE回归,门店-商品内标准化销量,avg_temperature,avg_temperature,avg_temperature,0.002498408832190481,0.0024770432575509193,0.3131543044847537,正关联,0.037476132482857215
标准化销量_历史控制FE回归,门店-商品内标准化销量,temperature_range,temperature_range,temperature_range,-0.007187977338513072,0.0032699692133053753,0.0279363594676381,负关联,0.035939886692565357
标准化销量_历史控制FE回归,门店-商品内标准化销量,wind_power,wind_power,wind_power,-0.006851513359884029,0.006915195709787695,0.32178766694740124,负关联,0.013703026719768058
标准化销量_历史控制FE回归,门店-商品内标准化销量,"C(weather_group, Treatment(reference='no_precip'))[T.light_rain]",weather_group,小雨/阵雨,-0.008813546304368855,0.018130031834430817,0.6268752353093481,负关联,0.008813546304368855
