date,store_id,store_name,product_id,product_name,category,weather,is_holiday,is_weekend,is_activity_day,predicted_sales,model,model_label,demand_class,is_low_volume,external_scenario_note
2022-04-01,14,C地彩虹南路店,11000405,百事可乐330ml,碳酸饮料,多云,0,0,0,2,hybrid_low_q1_regular_ridge,低销量指数平滑-常规Ridge混合,volatile,0,天气、温度、风力、活动日为历史同月日参考；节假日按2022清明日历设定；低销量组合使用问题一指数平滑，非低销量组合使用综合Ridge
2022-04-01,14,C地彩虹南路店,11001020,韩国海牌海苔 / 韩国海飘海苔,包装海苔,多云,0,0,0,0,hybrid_low_q1_regular_ridge,低销量指数平滑-常规Ridge混合,intermittent,0,天气、温度、风力、活动日为历史同月日参考；节假日按2022清明日历设定；低销量组合使用问题一指数平滑，非低销量组合使用综合Ridge
2022-04-01,14,C地彩虹南路店,11002170,三养辣火鸡味拌面,速食类,多云,0,0,0,0,hybrid_low_q1_regular_ridge,低销量指数平滑-常规Ridge混合,very_sparse,1,天气、温度、风力、活动日为历史同月日参考；节假日按2022清明日历设定；低销量组合使用问题一指数平滑，非低销量组合使用综合Ridge
2022-04-01,14,C地彩虹南路店,11002561,乡吧哥蜜汁鸡翅,包装散称,多云,0,0,0,4,hybrid_low_q1_regular_ridge,低销量指数平滑-常规Ridge混合,volatile,0,天气、温度、风力、活动日为历史同月日参考；节假日按2022清明日历设定；低销量组合使用问题一指数平滑，非低销量组合使用综合Ridge
2022-04-01,14,C地彩虹南路店,11002605,老板仔香脆海苔卷（原味）,包装海苔,多云,0,0,0,0,hybrid_low_q1_regular_ridge,低销量指数平滑-常规Ridge混合,low_volume_intermittent,1,天气、温度、风力、活动日为历史同月日参考；节假日按2022清明日历设定；低销量组合使用问题一指数平滑，非低销量组合使用综合Ridge
2022-04-01,14,C地彩虹南路店,11004973,特仑苏纯牛奶,乳类饮品,多云,0,0,0,0,hybrid_low_q1_regular_ridge,低销量指数平滑-常规Ridge混合,intermittent,0,天气、温度、风力、活动日为历史同月日参考；节假日按2022清明日历设定；低销量组合使用问题一指数平滑，非低销量组合使用综合Ridge
2022-04-01,14,C地彩虹南路店,11005780,大丰古法瓜子,包装坚果,多云,0,0,0,0,hybrid_low_q1_regular_ridge,低销量指数平滑-常规Ridge混合,regular,0,天气、温度、风力、活动日为历史同月日参考；节假日按2022清明日历设定；低销量组合使用问题一指数平滑，非低销量组合使用综合Ridge
2022-04-01,14,C地彩虹南路店,11008516,李子柒螺蛳粉335g,速食类,多云,0,0,0,2,hybrid_low_q1_regular_ridge,低销量指数平滑-常规Ridge混合,low_volume_intermittent,1,天气、温度、风力、活动日为历史同月日参考；节假日按2022清明日历设定；低销量组合使用问题一指数平滑，非低销量组合使用综合Ridge
2022-04-01,14,C地彩虹南路店,11008644,洽洽早餐每日坚果（燕麦片）,包装冲饮,多云,0,0,0,0,hybrid_low_q1_regular_ridge,低销量指数平滑-常规Ridge混合,very_sparse,1,天气、温度、风力、活动日为历史同月日参考；节假日按2022清明日历设定；低销量组合使用问题一指数平滑，非低销量组合使用综合Ridge
2022-04-01,14,C地彩虹南路店,12000134,百事可乐600ml,碳酸饮料,多云,0,0,0,1,hybrid_low_q1_regular_ridge,低销量指数平滑-常规Ridge混合,regular,0,天气、温度、风力、活动日为历史同月日参考；节假日按2022清明日历设定；低销量组合使用问题一指数平滑，非低销量组合使用综合Ridge
2022-04-01,14,C地彩虹南路店,12000292,红牛,功能饮料,多云,0,0,0,6,hybrid_low_q1_regular_ridge,低销量指数平滑-常规Ridge混合,regular,0,天气、温度、风力、活动日为历史同月日参考；节假日按2022清明日历设定；低销量组合使用问题一指数平滑，非低销量组合使用综合Ridge
2022-04-01,14,C地彩虹南路店,12001131,旺仔牛奶,乳类饮品,多云,0,0,0,2,hybrid_low_q1_regular_ridge,低销量指数平滑-常规Ridge混合,intermittent,0,天气、温度、风力、活动日为历史同月日参考；节假日按2022清明日历设定；低销量组合使用问题一指数平滑，非低销量组合使用综合Ridge
2022-04-01,18,A地天九街店,11000405,百事可乐330ml,碳酸饮料,多云,0,0,0,3,hybrid_low_q1_regular_ridge,低销量指数平滑-常规Ridge混合,intermittent,0,天气、温度、风力、活动日为历史同月日参考；节假日按2022清明日历设定；低销量组合使用问题一指数平滑，非低销量组合使用综合Ridge
2022-04-01,18,A地天九街店,11001020,韩国海牌海苔 / 韩国海飘海苔,包装海苔,多云,0,0,0,1,hybrid_low_q1_regular_ridge,低销量指数平滑-常规Ridge混合,intermittent,0,天气、温度、风力、活动日为历史同月日参考；节假日按2022清明日历设定；低销量组合使用问题一指数平滑，非低销量组合使用综合Ridge
2022-04-01,18,A地天九街店,11002170,三养辣火鸡味拌面,速食类,多云,0,0,0,1,hybrid_low_q1_regular_ridge,低销量指数平滑-常规Ridge混合,low_volume_intermittent,1,天气、温度、风力、活动日为历史同月日参考；节假日按2022清明日历设定；低销量组合使用问题一指数平滑，非低销量组合使用综合Ridge
2022-04-01,18,A地天九街店,11002561,乡吧哥蜜汁鸡翅,包装散称,多云,0,0,0,5,hybrid_low_q1_regular_ridge,低销量指数平滑-常规Ridge混合,intermittent,0,天气、温度、风力、活动日为历史同月日参考；节假日按2022清明日历设定；低销量组合使用问题一指数平滑，非低销量组合使用综合Ridge
2022-04-01,18,A地天九街店,11002605,老板仔香脆海苔卷（原味）,包装海苔,多云,0,0,0,1,hybrid_low_q1_regular_ridge,低销量指数平滑-常规Ridge混合,very_sparse,1,天气、温度、风力、活动日为历史同月日参考；节假日按2022清明日历设定；低销量组合使用问题一指数平滑，非低销量组合使用综合Ridge
2022-04-01,18,A地天九街店,11005780,大丰古法瓜子,包装坚果,多云,0,0,0,1,hybrid_low_q1_regular_ridge,低销量指数平滑-常规Ridge混合,intermittent,0,天气、温度、风力、活动日为历史同月日参考；节假日按2022清明日历设定；低销量组合使用问题一指数平滑，非低销量组合使用综合Ridge
2022-04-01,18,A地天九街店,11008516,李子柒螺蛳粉335g,速食类,多云,0,0,0,0,hybrid_low_q1_regular_ridge,低销量指数平滑-常规Ridge混合,very_sparse,1,天气、温度、风力、活动日为历史同月日参考；节假日按2022清明日历设定；低销量组合使用问题一指数平滑，非低销量组合使用综合Ridge
2022-04-01,18,A地天九街店,12000134,百事可乐600ml,碳酸饮料,多云,0,0,0,3,hybrid_low_q1_regular_ridge,低销量指数平滑-常规Ridge混合,intermittent,0,天气、温度、风力、活动日为历史同月日参考；节假日按2022清明日历设定；低销量组合使用问题一指数平滑，非低销量组合使用综合Ridge
2022-04-01,18,A地天九街店,12000292,红牛,功能饮料,多云,0,0,0,12,hybrid_low_q1_regular_ridge,低销量指数平滑-常规Ridge混合,intermittent,0,天气、温度、风力、活动日为历史同月日参考；节假日按2022清明日历设定；低销量组合使用问题一指数平滑，非低销量组合使用综合Ridge
2022-04-01,18,A地天九街店,12001131,旺仔牛奶,乳类饮品,多云,0,0,0,2,hybrid_low_q1_regular_ridge,低销量指数平滑-常规Ridge混合,intermittent,0,天气、温度、风力、活动日为历史同月日参考；节假日按2022清明日历设定；低销量组合使用问题一指数平滑，非低销量组合使用综合Ridge
2022-04-01,23,C地姜山店,11000405,百事可乐330ml,碳酸饮料,多云,0,0,0,1,hybrid_low_q1_regular_ridge,低销量指数平滑-常规Ridge混合,intermittent,0,天气、温度、风力、活动日为历史同月日参考；节假日按2022清明日历设定；低销量组合使用问题一指数平滑，非低销量组合使用综合Ridge
2022-04-01,23,C地姜山店,11001020,韩国海牌海苔 / 韩国海飘海苔,包装海苔,多云,0,0,0,0,hybrid_low_q1_regular_ridge,低销量指数平滑-常规Ridge混合,regular,0,天气、温度、风力、活动日为历史同月日参考；节假日按2022清明日历设定；低销量组合使用问题一指数平滑，非低销量组合使用综合Ridge
2022-04-01,23,C地姜山店,11002170,三养辣火鸡味拌面,速食类,多云,0,0,0,1,hybrid_low_q1_regular_ridge,低销量指数平滑-常规Ridge混合,low_volume_intermittent,1,天气、温度、风力、活动日为历史同月日参考；节假日按2022清明日历设定；低销量组合使用问题一指数平滑，非低销量组合使用综合Ridge
2022-04-01,23,C地姜山店,11002561,乡吧哥蜜汁鸡翅,包装散称,多云,0,0,0,15,hybrid_low_q1_regular_ridge,低销量指数平滑-常规Ridge混合,volatile,0,天气、温度、风力、活动日为历史同月日参考；节假日按2022清明日历设定；低销量组合使用问题一指数平滑，非低销量组合使用综合Ridge
2022-04-01,23,C地姜山店,11002605,老板仔香脆海苔卷（原味）,包装海苔,多云,0,0,0,0,hybrid_low_q1_regular_ridge,低销量指数平滑-常规Ridge混合,intermittent,0,天气、温度、风力、活动日为历史同月日参考；节假日按2022清明日历设定；低销量组合使用问题一指数平滑，非低销量组合使用综合Ridge
2022-04-01,23,C地姜山店,11004973,特仑苏纯牛奶,乳类饮品,多云,0,0,0,0,hybrid_low_q1_regular_ridge,低销量指数平滑-常规Ridge混合,very_sparse,1,天气、温度、风力、活动日为历史同月日参考；节假日按2022清明日历设定；低销量组合使用问题一指数平滑，非低销量组合使用综合Ridge
2022-04-01,23,C地姜山店,11005780,大丰古法瓜子,包装坚果,多云,0,0,0,1,hybrid_low_q1_regular_ridge,低销量指数平滑-常规Ridge混合,regular,0,天气、温度、风力、活动日为历史同月日参考；节假日按2022清明日历设定；低销量组合使用问题一指数平滑，非低销量组合使用综合Ridge
2022-04-01,23,C地姜山店,11008516,李子柒螺蛳粉335g,速食类,多云,0,0,0,1,hybrid_low_q1_regular_ridge,低销量指数平滑-常规Ridge混合,intermittent,0,天气、温度、风力、活动日为历史同月日参考；节假日按2022清明日历设定；低销量组合使用问题一指数平滑，非低销量组合使用综合Ridge
2022-04-01,23,C地姜山店,12000134,百事可乐600ml,碳酸饮料,多云,0,0,0,1,hybrid_low_q1_regular_ridge,低销量指数平滑-常规Ridge混合,regular,0,天气、温度、风力、活动日为历史同月日参考；节假日按2022清明日历设定；低销量组合使用问题一指数平滑，非低销量组合使用综合Ridge
2022-04-01,23,C地姜山店,12000292,红牛,功能饮料,多云,0,0,0,3,hybrid_low_q1_regular_ridge,低销量指数平滑-常规Ridge混合,regular,0,天气、温度、风力、活动日为历史同月日参考；节假日按2022清明日历设定；低销量组合使用问题一指数平滑，非低销量组合使用综合Ridge
2022-04-01,23,C地姜山店,12001131,旺仔牛奶,乳类饮品,多云,0,0,0,1,hybrid_low_q1_regular_ridge,低销量指数平滑-常规Ridge混合,intermittent,0,天气、温度、风力、活动日为历史同月日参考；节假日按2022清明日历设定；低销量组合使用问题一指数平滑，非低销量组合使用综合Ridge
2022-04-01,47,C地桑田路店,11000405,百事可乐330ml,碳酸饮料,多云,0,0,0,1,hybrid_low_q1_regular_ridge,低销量指数平滑-常规Ridge混合,volatile,0,天气、温度、风力、活动日为历史同月日参考；节假日按2022清明日历设定；低销量组合使用问题一指数平滑，非低销量组合使用综合Ridge
2022-04-01,47,C地桑田路店,11001020,韩国海牌海苔 / 韩国海飘海苔,包装海苔,多云,0,0,0,2,hybrid_low_q1_regular_ridge,低销量指数平滑-常规Ridge混合,volatile,0,天气、温度、风力、活动日为历史同月日参考；节假日按2022清明日历设定；低销量组合使用问题一指数平滑，非低销量组合使用综合Ridge
2022-04-01,47,C地桑田路店,11002170,三养辣火鸡味拌面,速食类,多云,0,0,0,1,hybrid_low_q1_regular_ridge,低销量指数平滑-常规Ridge混合,low_volume_intermittent,1,天气、温度、风力、活动日为历史同月日参考；节假日按2022清明日历设定；低销量组合使用问题一指数平滑，非低销量组合使用综合Ridge
2022-04-01,47,C地桑田路店,11002561,乡吧哥蜜汁鸡翅,包装散称,多云,0,0,0,6,hybrid_low_q1_regular_ridge,低销量指数平滑-常规Ridge混合,regular,0,天气、温度、风力、活动日为历史同月日参考；节假日按2022清明日历设定；低销量组合使用问题一指数平滑，非低销量组合使用综合Ridge
2022-04-01,47,C地桑田路店,11002605,老板仔香脆海苔卷（原味）,包装海苔,多云,0,0,0,1,hybrid_low_q1_regular_ridge,低销量指数平滑-常规Ridge混合,intermittent,0,天气、温度、风力、活动日为历史同月日参考；节假日按2022清明日历设定；低销量组合使用问题一指数平滑，非低销量组合使用综合Ridge
2022-04-01,47,C地桑田路店,11005780,大丰古法瓜子,包装坚果,多云,0,0,0,1,hybrid_low_q1_regular_ridge,低销量指数平滑-常规Ridge混合,intermittent,0,天气、温度、风力、活动日为历史同月日参考；节假日按2022清明日历设定；低销量组合使用问题一指数平滑，非低销量组合使用综合Ridge
2022-04-01,47,C地桑田路店,11008516,李子柒螺蛳粉335g,速食类,多云,0,0,0,1,hybrid_low_q1_regular_ridge,低销量指数平滑-常规Ridge混合,low_volume_intermittent,1,天气、温度、风力、活动日为历史同月日参考；节假日按2022清明日历设定；低销量组合使用问题一指数平滑，非低销量组合使用综合Ridge
2022-04-01,47,C地桑田路店,11008644,洽洽早餐每日坚果（燕麦片）,包装冲饮,多云,0,0,0,0,hybrid_low_q1_regular_ridge,低销量指数平滑-常规Ridge混合,very_sparse,1,天气、温度、风力、活动日为历史同月日参考；节假日按2022清明日历设定；低销量组合使用问题一指数平滑，非低销量组合使用综合Ridge
2022-04-01,47,C地桑田路店,12000134,百事可乐600ml,碳酸饮料,多云,0,0,0,2,hybrid_low_q1_regular_ridge,低销量指数平滑-常规Ridge混合,regular,0,天气、温度、风力、活动日为历史同月日参考；节假日按2022清明日历设定；低销量组合使用问题一指数平滑，非低销量组合使用综合Ridge
2022-04-01,47,C地桑田路店,12000292,红牛,功能饮料,多云,0,0,0,3,hybrid_low_q1_regular_ridge,低销量指数平滑-常规Ridge混合,volatile,0,天气、温度、风力、活动日为历史同月日参考；节假日按2022清明日历设定；低销量组合使用问题一指数平滑，非低销量组合使用综合Ridge
2022-04-01,47,C地桑田路店,12001131,旺仔牛奶,乳类饮品,多云,0,0,0,1,hybrid_low_q1_regular_ridge,低销量指数平滑-常规Ridge混合,intermittent,0,天气、温度、风力、活动日为历史同月日参考；节假日按2022清明日历设定；低销量组合使用问题一指数平滑，非低销量组合使用综合Ridge
2022-04-01,69,B地江山店店,11000405,百事可乐330ml,碳酸饮料,多云,0,0,0,3,hybrid_low_q1_regular_ridge,低销量指数平滑-常规Ridge混合,regular,0,天气、温度、风力、活动日为历史同月日参考；节假日按2022清明日历设定；低销量组合使用问题一指数平滑，非低销量组合使用综合Ridge
2022-04-01,69,B地江山店店,11001020,韩国海牌海苔 / 韩国海飘海苔,包装海苔,多云,0,0,0,1,hybrid_low_q1_regular_ridge,低销量指数平滑-常规Ridge混合,intermittent,0,天气、温度、风力、活动日为历史同月日参考；节假日按2022清明日历设定；低销量组合使用问题一指数平滑，非低销量组合使用综合Ridge
2022-04-01,69,B地江山店店,11002170,三养辣火鸡味拌面,速食类,多云,0,0,0,1,hybrid_low_q1_regular_ridge,低销量指数平滑-常规Ridge混合,low_volume_intermittent,1,天气、温度、风力、活动日为历史同月日参考；节假日按2022清明日历设定；低销量组合使用问题一指数平滑，非低销量组合使用综合Ridge
2022-04-01,69,B地江山店店,11002561,乡吧哥蜜汁鸡翅,包装散称,多云,0,0,0,21,hybrid_low_q1_regular_ridge,低销量指数平滑-常规Ridge混合,volatile,0,天气、温度、风力、活动日为历史同月日参考；节假日按2022清明日历设定；低销量组合使用问题一指数平滑，非低销量组合使用综合Ridge
2022-04-01,69,B地江山店店,11002605,老板仔香脆海苔卷（原味）,包装海苔,多云,0,0,0,0,hybrid_low_q1_regular_ridge,低销量指数平滑-常规Ridge混合,intermittent,0,天气、温度、风力、活动日为历史同月日参考；节假日按2022清明日历设定；低销量组合使用问题一指数平滑，非低销量组合使用综合Ridge
2022-04-01,69,B地江山店店,11005780,大丰古法瓜子,包装坚果,多云,0,0,0,2,hybrid_low_q1_regular_ridge,低销量指数平滑-常规Ridge混合,regular,0,天气、温度、风力、活动日为历史同月日参考；节假日按2022清明日历设定；低销量组合使用问题一指数平滑，非低销量组合使用综合Ridge
2022-04-01,69,B地江山店店,11008516,李子柒螺蛳粉335g,速食类,多云,0,0,0,1,hybrid_low_q1_regular_ridge,低销量指数平滑-常规Ridge混合,intermittent,0,天气、温度、风力、活动日为历史同月日参考；节假日按2022清明日历设定；低销量组合使用问题一指数平滑，非低销量组合使用综合Ridge
2022-04-01,69,B地江山店店,11008644,洽洽早餐每日坚果（燕麦片）,包装冲饮,多云,0,0,0,0,hybrid_low_q1_regular_ridge,低销量指数平滑-常规Ridge混合,very_sparse,1,天气、温度、风力、活动日为历史同月日参考；节假日按2022清明日历设定；低销量组合使用问题一指数平滑，非低销量组合使用综合Ridge
2022-04-01,69,B地江山店店,12000134,百事可乐600ml,碳酸饮料,多云,0,0,0,5,hybrid_low_q1_regular_ridge,低销量指数平滑-常规Ridge混合,regular,0,天气、温度、风力、活动日为历史同月日参考；节假日按2022清明日历设定；低销量组合使用问题一指数平滑，非低销量组合使用综合Ridge
2022-04-01,69,B地江山店店,12000292,红牛,功能饮料,多云,0,0,0,6,hybrid_low_q1_regular_ridge,低销量指数平滑-常规Ridge混合,volatile,0,天气、温度、风力、活动日为历史同月日参考；节假日按2022清明日历设定；低销量组合使用问题一指数平滑，非低销量组合使用综合Ridge
2022-04-01,69,B地江山店店,12001131,旺仔牛奶,乳类饮品,多云,0,0,0,1,hybrid_low_q1_regular_ridge,低销量指数平滑-常规Ridge混合,volatile,0,天气、温度、风力、活动日为历史同月日参考；节假日按2022清明日历设定；低销量组合使用问题一指数平滑，非低销量组合使用综合Ridge
2022-04-01,178,C地五乡镇店,11000405,百事可乐330ml,碳酸饮料,多云,0,0,0,5,hybrid_low_q1_regular_ridge,低销量指数平滑-常规Ridge混合,low_volume_intermittent,1,天气、温度、风力、活动日为历史同月日参考；节假日按2022清明日历设定；低销量组合使用问题一指数平滑，非低销量组合使用综合Ridge
2022-04-01,178,C地五乡镇店,11001020,韩国海牌海苔 / 韩国海飘海苔,包装海苔,多云,0,0,0,1,hybrid_low_q1_regular_ridge,低销量指数平滑-常规Ridge混合,intermittent,0,天气、温度、风力、活动日为历史同月日参考；节假日按2022清明日历设定；低销量组合使用问题一指数平滑，非低销量组合使用综合Ridge
2022-04-01,178,C地五乡镇店,11002170,三养辣火鸡味拌面,速食类,多云,0,0,0,1,hybrid_low_q1_regular_ridge,低销量指数平滑-常规Ridge混合,intermittent,0,天气、温度、风力、活动日为历史同月日参考；节假日按2022清明日历设定；低销量组合使用问题一指数平滑，非低销量组合使用综合Ridge
2022-04-01,178,C地五乡镇店,11002561,乡吧哥蜜汁鸡翅,包装散称,多云,0,0,0,8,hybrid_low_q1_regular_ridge,低销量指数平滑-常规Ridge混合,intermittent,0,天气、温度、风力、活动日为历史同月日参考；节假日按2022清明日历设定；低销量组合使用问题一指数平滑，非低销量组合使用综合Ridge
2022-04-01,178,C地五乡镇店,11002605,老板仔香脆海苔卷（原味）,包装海苔,多云,0,0,0,0,hybrid_low_q1_regular_ridge,低销量指数平滑-常规Ridge混合,very_sparse,1,天气、温度、风力、活动日为历史同月日参考；节假日按2022清明日历设定；低销量组合使用问题一指数平滑，非低销量组合使用综合Ridge
2022-04-01,178,C地五乡镇店,11004973,特仑苏纯牛奶,乳类饮品,多云,0,0,0,0,hybrid_low_q1_regular_ridge,低销量指数平滑-常规Ridge混合,very_sparse,1,天气、温度、风力、活动日为历史同月日参考；节假日按2022清明日历设定；低销量组合使用问题一指数平滑，非低销量组合使用综合Ridge
2022-04-01,178,C地五乡镇店,11005780,大丰古法瓜子,包装坚果,多云,0,0,0,1,hybrid_low_q1_regular_ridge,低销量指数平滑-常规Ridge混合,low_volume_intermittent,1,天气、温度、风力、活动日为历史同月日参考；节假日按2022清明日历设定；低销量组合使用问题一指数平滑，非低销量组合使用综合Ridge
2022-04-01,178,C地五乡镇店,11008516,李子柒螺蛳粉335g,速食类,多云,0,0,0,2,hybrid_low_q1_regular_ridge,低销量指数平滑-常规Ridge混合,intermittent,0,天气、温度、风力、活动日为历史同月日参考；节假日按2022清明日历设定；低销量组合使用问题一指数平滑，非低销量组合使用综合Ridge
2022-04-01,178,C地五乡镇店,12000134,百事可乐600ml,碳酸饮料,多云,0,0,0,3,hybrid_low_q1_regular_ridge,低销量指数平滑-常规Ridge混合,intermittent,0,天气、温度、风力、活动日为历史同月日参考；节假日按2022清明日历设定；低销量组合使用问题一指数平滑，非低销量组合使用综合Ridge
2022-04-01,178,C地五乡镇店,12000292,红牛,功能饮料,多云,0,0,0,17,hybrid_low_q1_regular_ridge,低销量指数平滑-常规Ridge混合,volatile,0,天气、温度、风力、活动日为历史同月日参考；节假日按2022清明日历设定；低销量组合使用问题一指数平滑，非低销量组合使用综合Ridge
2022-04-01,178,C地五乡镇店,12001131,旺仔牛奶,乳类饮品,多云,0,0,0,4,hybrid_low_q1_regular_ridge,低销量指数平滑-常规Ridge混合,intermittent,0,天气、温度、风力、活动日为历史同月日参考；节假日按2022清明日历设定；低销量组合使用问题一指数平滑，非低销量组合使用综合Ridge
2022-04-01,276,A地双桥路店,11000405,百事可乐330ml,碳酸饮料,多云,0,0,0,0,hybrid_low_q1_regular_ridge,低销量指数平滑-常规Ridge混合,very_sparse,1,天气、温度、风力、活动日为历史同月日参考；节假日按2022清明日历设定；低销量组合使用问题一指数平滑，非低销量组合使用综合Ridge
2022-04-01,276,A地双桥路店,11001020,韩国海牌海苔 / 韩国海飘海苔,包装海苔,多云,0,0,0,0,hybrid_low_q1_regular_ridge,低销量指数平滑-常规Ridge混合,very_sparse,1,天气、温度、风力、活动日为历史同月日参考；节假日按2022清明日历设定；低销量组合使用问题一指数平滑，非低销量组合使用综合Ridge
2022-04-01,276,A地双桥路店,11002170,三养辣火鸡味拌面,速食类,多云,0,0,0,0,hybrid_low_q1_regular_ridge,低销量指数平滑-常规Ridge混合,very_sparse,1,天气、温度、风力、活动日为历史同月日参考；节假日按2022清明日历设定；低销量组合使用问题一指数平滑，非低销量组合使用综合Ridge
2022-04-01,276,A地双桥路店,11002561,乡吧哥蜜汁鸡翅,包装散称,多云,0,0,0,0,hybrid_low_q1_regular_ridge,低销量指数平滑-常规Ridge混合,very_sparse,1,天气、温度、风力、活动日为历史同月日参考；节假日按2022清明日历设定；低销量组合使用问题一指数平滑，非低销量组合使用综合Ridge
2022-04-01,276,A地双桥路店,11002605,老板仔香脆海苔卷（原味）,包装海苔,多云,0,0,0,0,hybrid_low_q1_regular_ridge,低销量指数平滑-常规Ridge混合,very_sparse,1,天气、温度、风力、活动日为历史同月日参考；节假日按2022清明日历设定；低销量组合使用问题一指数平滑，非低销量组合使用综合Ridge
2022-04-01,276,A地双桥路店,11005780,大丰古法瓜子,包装坚果,多云,0,0,0,0,hybrid_low_q1_regular_ridge,低销量指数平滑-常规Ridge混合,very_sparse,1,天气、温度、风力、活动日为历史同月日参考；节假日按2022清明日历设定；低销量组合使用问题一指数平滑，非低销量组合使用综合Ridge
2022-04-01,276,A地双桥路店,11008516,李子柒螺蛳粉335g,速食类,多云,0,0,0,0,hybrid_low_q1_regular_ridge,低销量指数平滑-常规Ridge混合,very_sparse,1,天气、温度、风力、活动日为历史同月日参考；节假日按2022清明日历设定；低销量组合使用问题一指数平滑，非低销量组合使用综合Ridge
2022-04-01,276,A地双桥路店,12000134,百事可乐600ml,碳酸饮料,多云,0,0,0,0,hybrid_low_q1_regular_ridge,低销量指数平滑-常规Ridge混合,very_sparse,1,天气、温度、风力、活动日为历史同月日参考；节假日按2022清明日历设定；低销量组合使用问题一指数平滑，非低销量组合使用综合Ridge
2022-04-01,276,A地双桥路店,12000292,红牛,功能饮料,多云,0,0,0,1,hybrid_low_q1_regular_ridge,低销量指数平滑-常规Ridge混合,very_sparse,1,天气、温度、风力、活动日为历史同月日参考；节假日按2022清明日历设定；低销量组合使用问题一指数平滑，非低销量组合使用综合Ridge
2022-04-01,276,A地双桥路店,12001131,旺仔牛奶,乳类饮品,多云,0,0,0,0,hybrid_low_q1_regular_ridge,低销量指数平滑-常规Ridge混合,very_sparse,1,天气、温度、风力、活动日为历史同月日参考；节假日按2022清明日历设定；低销量组合使用问题一指数平滑，非低销量组合使用综合Ridge
2022-04-02,14,C地彩虹南路店,11000405,百事可乐330ml,碳酸饮料,多云,0,1,0,3,hybrid_low_q1_regular_ridge,低销量指数平滑-常规Ridge混合,volatile,0,天气、温度、风力、活动日为历史同月日参考；节假日按2022清明日历设定；低销量组合使用问题一指数平滑，非低销量组合使用综合Ridge
2022-04-02,14,C地彩虹南路店,11001020,韩国海牌海苔 / 韩国海飘海苔,包装海苔,多云,0,1,0,0,hybrid_low_q1_regular_ridge,低销量指数平滑-常规Ridge混合,intermittent,0,天气、温度、风力、活动日为历史同月日参考；节假日按2022清明日历设定；低销量组合使用问题一指数平滑，非低销量组合使用综合Ridge
2022-04-02,14,C地彩虹南路店,11002170,三养辣火鸡味拌面,速食类,多云,0,1,0,0,hybrid_low_q1_regular_ridge,低销量指数平滑-常规Ridge混合,very_sparse,1,天气、温度、风力、活动日为历史同月日参考；节假日按2022清明日历设定；低销量组合使用问题一指数平滑，非低销量组合使用综合Ridge
2022-04-02,14,C地彩虹南路店,11002561,乡吧哥蜜汁鸡翅,包装散称,多云,0,1,0,4,hybrid_low_q1_regular_ridge,低销量指数平滑-常规Ridge混合,volatile,0,天气、温度、风力、活动日为历史同月日参考；节假日按2022清明日历设定；低销量组合使用问题一指数平滑，非低销量组合使用综合Ridge
2022-04-02,14,C地彩虹南路店,11002605,老板仔香脆海苔卷（原味）,包装海苔,多云,0,1,0,0,hybrid_low_q1_regular_ridge,低销量指数平滑-常规Ridge混合,low_volume_intermittent,1,天气、温度、风力、活动日为历史同月日参考；节假日按2022清明日历设定；低销量组合使用问题一指数平滑，非低销量组合使用综合Ridge
2022-04-02,14,C地彩虹南路店,11004973,特仑苏纯牛奶,乳类饮品,多云,0,1,0,0,hybrid_low_q1_regular_ridge,低销量指数平滑-常规Ridge混合,intermittent,0,天气、温度、风力、活动日为历史同月日参考；节假日按2022清明日历设定；低销量组合使用问题一指数平滑，非低销量组合使用综合Ridge
2022-04-02,14,C地彩虹南路店,11005780,大丰古法瓜子,包装坚果,多云,0,1,0,1,hybrid_low_q1_regular_ridge,低销量指数平滑-常规Ridge混合,regular,0,天气、温度、风力、活动日为历史同月日参考；节假日按2022清明日历设定；低销量组合使用问题一指数平滑，非低销量组合使用综合Ridge
2022-04-02,14,C地彩虹南路店,11008516,李子柒螺蛳粉335g,速食类,多云,0,1,0,2,hybrid_low_q1_regular_ridge,低销量指数平滑-常规Ridge混合,low_volume_intermittent,1,天气、温度、风力、活动日为历史同月日参考；节假日按2022清明日历设定；低销量组合使用问题一指数平滑，非低销量组合使用综合Ridge
2022-04-02,14,C地彩虹南路店,11008644,洽洽早餐每日坚果（燕麦片）,包装冲饮,多云,0,1,0,0,hybrid_low_q1_regular_ridge,低销量指数平滑-常规Ridge混合,very_sparse,1,天气、温度、风力、活动日为历史同月日参考；节假日按2022清明日历设定；低销量组合使用问题一指数平滑，非低销量组合使用综合Ridge
2022-04-02,14,C地彩虹南路店,12000134,百事可乐600ml,碳酸饮料,多云,0,1,0,1,hybrid_low_q1_regular_ridge,低销量指数平滑-常规Ridge混合,regular,0,天气、温度、风力、活动日为历史同月日参考；节假日按2022清明日历设定；低销量组合使用问题一指数平滑，非低销量组合使用综合Ridge
2022-04-02,14,C地彩虹南路店,12000292,红牛,功能饮料,多云,0,1,0,6,hybrid_low_q1_regular_ridge,低销量指数平滑-常规Ridge混合,regular,0,天气、温度、风力、活动日为历史同月日参考；节假日按2022清明日历设定；低销量组合使用问题一指数平滑，非低销量组合使用综合Ridge
2022-04-02,14,C地彩虹南路店,12001131,旺仔牛奶,乳类饮品,多云,0,1,0,2,hybrid_low_q1_regular_ridge,低销量指数平滑-常规Ridge混合,intermittent,0,天气、温度、风力、活动日为历史同月日参考；节假日按2022清明日历设定；低销量组合使用问题一指数平滑，非低销量组合使用综合Ridge
2022-04-02,18,A地天九街店,11000405,百事可乐330ml,碳酸饮料,多云,0,1,0,4,hybrid_low_q1_regular_ridge,低销量指数平滑-常规Ridge混合,intermittent,0,天气、温度、风力、活动日为历史同月日参考；节假日按2022清明日历设定；低销量组合使用问题一指数平滑，非低销量组合使用综合Ridge
2022-04-02,18,A地天九街店,11001020,韩国海牌海苔 / 韩国海飘海苔,包装海苔,多云,0,1,0,2,hybrid_low_q1_regular_ridge,低销量指数平滑-常规Ridge混合,intermittent,0,天气、温度、风力、活动日为历史同月日参考；节假日按2022清明日历设定；低销量组合使用问题一指数平滑，非低销量组合使用综合Ridge
2022-04-02,18,A地天九街店,11002170,三养辣火鸡味拌面,速食类,多云,0,1,0,1,hybrid_low_q1_regular_ridge,低销量指数平滑-常规Ridge混合,low_volume_intermittent,1,天气、温度、风力、活动日为历史同月日参考；节假日按2022清明日历设定；低销量组合使用问题一指数平滑，非低销量组合使用综合Ridge
2022-04-02,18,A地天九街店,11002561,乡吧哥蜜汁鸡翅,包装散称,多云,0,1,0,5,hybrid_low_q1_regular_ridge,低销量指数平滑-常规Ridge混合,intermittent,0,天气、温度、风力、活动日为历史同月日参考；节假日按2022清明日历设定；低销量组合使用问题一指数平滑，非低销量组合使用综合Ridge
2022-04-02,18,A地天九街店,11002605,老板仔香脆海苔卷（原味）,包装海苔,多云,0,1,0,1,hybrid_low_q1_regular_ridge,低销量指数平滑-常规Ridge混合,very_sparse,1,天气、温度、风力、活动日为历史同月日参考；节假日按2022清明日历设定；低销量组合使用问题一指数平滑，非低销量组合使用综合Ridge
2022-04-02,18,A地天九街店,11005780,大丰古法瓜子,包装坚果,多云,0,1,0,2,hybrid_low_q1_regular_ridge,低销量指数平滑-常规Ridge混合,intermittent,0,天气、温度、风力、活动日为历史同月日参考；节假日按2022清明日历设定；低销量组合使用问题一指数平滑，非低销量组合使用综合Ridge
2022-04-02,18,A地天九街店,11008516,李子柒螺蛳粉335g,速食类,多云,0,1,0,0,hybrid_low_q1_regular_ridge,低销量指数平滑-常规Ridge混合,very_sparse,1,天气、温度、风力、活动日为历史同月日参考；节假日按2022清明日历设定；低销量组合使用问题一指数平滑，非低销量组合使用综合Ridge
2022-04-02,18,A地天九街店,12000134,百事可乐600ml,碳酸饮料,多云,0,1,0,3,hybrid_low_q1_regular_ridge,低销量指数平滑-常规Ridge混合,intermittent,0,天气、温度、风力、活动日为历史同月日参考；节假日按2022清明日历设定；低销量组合使用问题一指数平滑，非低销量组合使用综合Ridge
2022-04-02,18,A地天九街店,12000292,红牛,功能饮料,多云,0,1,0,15,hybrid_low_q1_regular_ridge,低销量指数平滑-常规Ridge混合,intermittent,0,天气、温度、风力、活动日为历史同月日参考；节假日按2022清明日历设定；低销量组合使用问题一指数平滑，非低销量组合使用综合Ridge
2022-04-02,18,A地天九街店,12001131,旺仔牛奶,乳类饮品,多云,0,1,0,3,hybrid_low_q1_regular_ridge,低销量指数平滑-常规Ridge混合,intermittent,0,天气、温度、风力、活动日为历史同月日参考；节假日按2022清明日历设定；低销量组合使用问题一指数平滑，非低销量组合使用综合Ridge
2022-04-02,23,C地姜山店,11000405,百事可乐330ml,碳酸饮料,多云,0,1,0,2,hybrid_low_q1_regular_ridge,低销量指数平滑-常规Ridge混合,intermittent,0,天气、温度、风力、活动日为历史同月日参考；节假日按2022清明日历设定；低销量组合使用问题一指数平滑，非低销量组合使用综合Ridge
2022-04-02,23,C地姜山店,11001020,韩国海牌海苔 / 韩国海飘海苔,包装海苔,多云,0,1,0,1,hybrid_low_q1_regular_ridge,低销量指数平滑-常规Ridge混合,regular,0,天气、温度、风力、活动日为历史同月日参考；节假日按2022清明日历设定；低销量组合使用问题一指数平滑，非低销量组合使用综合Ridge
2022-04-02,23,C地姜山店,11002170,三养辣火鸡味拌面,速食类,多云,0,1,0,1,hybrid_low_q1_regular_ridge,低销量指数平滑-常规Ridge混合,low_volume_intermittent,1,天气、温度、风力、活动日为历史同月日参考；节假日按2022清明日历设定；低销量组合使用问题一指数平滑，非低销量组合使用综合Ridge
2022-04-02,23,C地姜山店,11002561,乡吧哥蜜汁鸡翅,包装散称,多云,0,1,0,15,hybrid_low_q1_regular_ridge,低销量指数平滑-常规Ridge混合,volatile,0,天气、温度、风力、活动日为历史同月日参考；节假日按2022清明日历设定；低销量组合使用问题一指数平滑，非低销量组合使用综合Ridge
2022-04-02,23,C地姜山店,11002605,老板仔香脆海苔卷（原味）,包装海苔,多云,0,1,0,1,hybrid_low_q1_regular_ridge,低销量指数平滑-常规Ridge混合,intermittent,0,天气、温度、风力、活动日为历史同月日参考；节假日按2022清明日历设定；低销量组合使用问题一指数平滑，非低销量组合使用综合Ridge
2022-04-02,23,C地姜山店,11004973,特仑苏纯牛奶,乳类饮品,多云,0,1,0,0,hybrid_low_q1_regular_ridge,低销量指数平滑-常规Ridge混合,very_sparse,1,天气、温度、风力、活动日为历史同月日参考；节假日按2022清明日历设定；低销量组合使用问题一指数平滑，非低销量组合使用综合Ridge
2022-04-02,23,C地姜山店,11005780,大丰古法瓜子,包装坚果,多云,0,1,0,1,hybrid_low_q1_regular_ridge,低销量指数平滑-常规Ridge混合,regular,0,天气、温度、风力、活动日为历史同月日参考；节假日按2022清明日历设定；低销量组合使用问题一指数平滑，非低销量组合使用综合Ridge
2022-04-02,23,C地姜山店,11008516,李子柒螺蛳粉335g,速食类,多云,0,1,0,1,hybrid_low_q1_regular_ridge,低销量指数平滑-常规Ridge混合,intermittent,0,天气、温度、风力、活动日为历史同月日参考；节假日按2022清明日历设定；低销量组合使用问题一指数平滑，非低销量组合使用综合Ridge
2022-04-02,23,C地姜山店,12000134,百事可乐600ml,碳酸饮料,多云,0,1,0,2,hybrid_low_q1_regular_ridge,低销量指数平滑-常规Ridge混合,regular,0,天气、温度、风力、活动日为历史同月日参考；节假日按2022清明日历设定；低销量组合使用问题一指数平滑，非低销量组合使用综合Ridge
2022-04-02,23,C地姜山店,12000292,红牛,功能饮料,多云,0,1,0,4,hybrid_low_q1_regular_ridge,低销量指数平滑-常规Ridge混合,regular,0,天气、温度、风力、活动日为历史同月日参考；节假日按2022清明日历设定；低销量组合使用问题一指数平滑，非低销量组合使用综合Ridge
2022-04-02,23,C地姜山店,12001131,旺仔牛奶,乳类饮品,多云,0,1,0,1,hybrid_low_q1_regular_ridge,低销量指数平滑-常规Ridge混合,intermittent,0,天气、温度、风力、活动日为历史同月日参考；节假日按2022清明日历设定；低销量组合使用问题一指数平滑，非低销量组合使用综合Ridge
2022-04-02,47,C地桑田路店,11000405,百事可乐330ml,碳酸饮料,多云,0,1,0,2,hybrid_low_q1_regular_ridge,低销量指数平滑-常规Ridge混合,volatile,0,天气、温度、风力、活动日为历史同月日参考；节假日按2022清明日历设定；低销量组合使用问题一指数平滑，非低销量组合使用综合Ridge
2022-04-02,47,C地桑田路店,11001020,韩国海牌海苔 / 韩国海飘海苔,包装海苔,多云,0,1,0,2,hybrid_low_q1_regular_ridge,低销量指数平滑-常规Ridge混合,volatile,0,天气、温度、风力、活动日为历史同月日参考；节假日按2022清明日历设定；低销量组合使用问题一指数平滑，非低销量组合使用综合Ridge
2022-04-02,47,C地桑田路店,11002170,三养辣火鸡味拌面,速食类,多云,0,1,0,1,hybrid_low_q1_regular_ridge,低销量指数平滑-常规Ridge混合,low_volume_intermittent,1,天气、温度、风力、活动日为历史同月日参考；节假日按2022清明日历设定；低销量组合使用问题一指数平滑，非低销量组合使用综合Ridge
2022-04-02,47,C地桑田路店,11002561,乡吧哥蜜汁鸡翅,包装散称,多云,0,1,0,7,hybrid_low_q1_regular_ridge,低销量指数平滑-常规Ridge混合,regular,0,天气、温度、风力、活动日为历史同月日参考；节假日按2022清明日历设定；低销量组合使用问题一指数平滑，非低销量组合使用综合Ridge
2022-04-02,47,C地桑田路店,11002605,老板仔香脆海苔卷（原味）,包装海苔,多云,0,1,0,1,hybrid_low_q1_regular_ridge,低销量指数平滑-常规Ridge混合,intermittent,0,天气、温度、风力、活动日为历史同月日参考；节假日按2022清明日历设定；低销量组合使用问题一指数平滑，非低销量组合使用综合Ridge
2022-04-02,47,C地桑田路店,11005780,大丰古法瓜子,包装坚果,多云,0,1,0,1,hybrid_low_q1_regular_ridge,低销量指数平滑-常规Ridge混合,intermittent,0,天气、温度、风力、活动日为历史同月日参考；节假日按2022清明日历设定；低销量组合使用问题一指数平滑，非低销量组合使用综合Ridge
2022-04-02,47,C地桑田路店,11008516,李子柒螺蛳粉335g,速食类,多云,0,1,0,1,hybrid_low_q1_regular_ridge,低销量指数平滑-常规Ridge混合,low_volume_intermittent,1,天气、温度、风力、活动日为历史同月日参考；节假日按2022清明日历设定；低销量组合使用问题一指数平滑，非低销量组合使用综合Ridge
2022-04-02,47,C地桑田路店,11008644,洽洽早餐每日坚果（燕麦片）,包装冲饮,多云,0,1,0,0,hybrid_low_q1_regular_ridge,低销量指数平滑-常规Ridge混合,very_sparse,1,天气、温度、风力、活动日为历史同月日参考；节假日按2022清明日历设定；低销量组合使用问题一指数平滑，非低销量组合使用综合Ridge
2022-04-02,47,C地桑田路店,12000134,百事可乐600ml,碳酸饮料,多云,0,1,0,2,hybrid_low_q1_regular_ridge,低销量指数平滑-常规Ridge混合,regular,0,天气、温度、风力、活动日为历史同月日参考；节假日按2022清明日历设定；低销量组合使用问题一指数平滑，非低销量组合使用综合Ridge
2022-04-02,47,C地桑田路店,12000292,红牛,功能饮料,多云,0,1,0,3,hybrid_low_q1_regular_ridge,低销量指数平滑-常规Ridge混合,volatile,0,天气、温度、风力、活动日为历史同月日参考；节假日按2022清明日历设定；低销量组合使用问题一指数平滑，非低销量组合使用综合Ridge
2022-04-02,47,C地桑田路店,12001131,旺仔牛奶,乳类饮品,多云,0,1,0,2,hybrid_low_q1_regular_ridge,低销量指数平滑-常规Ridge混合,intermittent,0,天气、温度、风力、活动日为历史同月日参考；节假日按2022清明日历设定；低销量组合使用问题一指数平滑，非低销量组合使用综合Ridge
2022-04-02,69,B地江山店店,11000405,百事可乐330ml,碳酸饮料,多云,0,1,0,4,hybrid_low_q1_regular_ridge,低销量指数平滑-常规Ridge混合,regular,0,天气、温度、风力、活动日为历史同月日参考；节假日按2022清明日历设定；低销量组合使用问题一指数平滑，非低销量组合使用综合Ridge
2022-04-02,69,B地江山店店,11001020,韩国海牌海苔 / 韩国海飘海苔,包装海苔,多云,0,1,0,1,hybrid_low_q1_regular_ridge,低销量指数平滑-常规Ridge混合,intermittent,0,天气、温度、风力、活动日为历史同月日参考；节假日按2022清明日历设定；低销量组合使用问题一指数平滑，非低销量组合使用综合Ridge
2022-04-02,69,B地江山店店,11002170,三养辣火鸡味拌面,速食类,多云,0,1,0,1,hybrid_low_q1_regular_ridge,低销量指数平滑-常规Ridge混合,low_volume_intermittent,1,天气、温度、风力、活动日为历史同月日参考；节假日按2022清明日历设定；低销量组合使用问题一指数平滑，非低销量组合使用综合Ridge
2022-04-02,69,B地江山店店,11002561,乡吧哥蜜汁鸡翅,包装散称,多云,0,1,0,22,hybrid_low_q1_regular_ridge,低销量指数平滑-常规Ridge混合,volatile,0,天气、温度、风力、活动日为历史同月日参考；节假日按2022清明日历设定；低销量组合使用问题一指数平滑，非低销量组合使用综合Ridge
2022-04-02,69,B地江山店店,11002605,老板仔香脆海苔卷（原味）,包装海苔,多云,0,1,0,1,hybrid_low_q1_regular_ridge,低销量指数平滑-常规Ridge混合,intermittent,0,天气、温度、风力、活动日为历史同月日参考；节假日按2022清明日历设定；低销量组合使用问题一指数平滑，非低销量组合使用综合Ridge
2022-04-02,69,B地江山店店,11005780,大丰古法瓜子,包装坚果,多云,0,1,0,2,hybrid_low_q1_regular_ridge,低销量指数平滑-常规Ridge混合,regular,0,天气、温度、风力、活动日为历史同月日参考；节假日按2022清明日历设定；低销量组合使用问题一指数平滑，非低销量组合使用综合Ridge
2022-04-02,69,B地江山店店,11008516,李子柒螺蛳粉335g,速食类,多云,0,1,0,2,hybrid_low_q1_regular_ridge,低销量指数平滑-常规Ridge混合,intermittent,0,天气、温度、风力、活动日为历史同月日参考；节假日按2022清明日历设定；低销量组合使用问题一指数平滑，非低销量组合使用综合Ridge
2022-04-02,69,B地江山店店,11008644,洽洽早餐每日坚果（燕麦片）,包装冲饮,多云,0,1,0,0,hybrid_low_q1_regular_ridge,低销量指数平滑-常规Ridge混合,very_sparse,1,天气、温度、风力、活动日为历史同月日参考；节假日按2022清明日历设定；低销量组合使用问题一指数平滑，非低销量组合使用综合Ridge
2022-04-02,69,B地江山店店,12000134,百事可乐600ml,碳酸饮料,多云,0,1,0,6,hybrid_low_q1_regular_ridge,低销量指数平滑-常规Ridge混合,regular,0,天气、温度、风力、活动日为历史同月日参考；节假日按2022清明日历设定；低销量组合使用问题一指数平滑，非低销量组合使用综合Ridge
2022-04-02,69,B地江山店店,12000292,红牛,功能饮料,多云,0,1,0,6,hybrid_low_q1_regular_ridge,低销量指数平滑-常规Ridge混合,volatile,0,天气、温度、风力、活动日为历史同月日参考；节假日按2022清明日历设定；低销量组合使用问题一指数平滑，非低销量组合使用综合Ridge
2022-04-02,69,B地江山店店,12001131,旺仔牛奶,乳类饮品,多云,0,1,0,2,hybrid_low_q1_regular_ridge,低销量指数平滑-常规Ridge混合,volatile,0,天气、温度、风力、活动日为历史同月日参考；节假日按2022清明日历设定；低销量组合使用问题一指数平滑，非低销量组合使用综合Ridge
2022-04-02,178,C地五乡镇店,11000405,百事可乐330ml,碳酸饮料,多云,0,1,0,5,hybrid_low_q1_regular_ridge,低销量指数平滑-常规Ridge混合,low_volume_intermittent,1,天气、温度、风力、活动日为历史同月日参考；节假日按2022清明日历设定；低销量组合使用问题一指数平滑，非低销量组合使用综合Ridge
2022-04-02,178,C地五乡镇店,11001020,韩国海牌海苔 / 韩国海飘海苔,包装海苔,多云,0,1,0,1,hybrid_low_q1_regular_ridge,低销量指数平滑-常规Ridge混合,intermittent,0,天气、温度、风力、活动日为历史同月日参考；节假日按2022清明日历设定；低销量组合使用问题一指数平滑，非低销量组合使用综合Ridge
2022-04-02,178,C地五乡镇店,11002170,三养辣火鸡味拌面,速食类,多云,0,1,0,1,hybrid_low_q1_regular_ridge,低销量指数平滑-常规Ridge混合,intermittent,0,天气、温度、风力、活动日为历史同月日参考；节假日按2022清明日历设定；低销量组合使用问题一指数平滑，非低销量组合使用综合Ridge
2022-04-02,178,C地五乡镇店,11002561,乡吧哥蜜汁鸡翅,包装散称,多云,0,1,0,9,hybrid_low_q1_regular_ridge,低销量指数平滑-常规Ridge混合,intermittent,0,天气、温度、风力、活动日为历史同月日参考；节假日按2022清明日历设定；低销量组合使用问题一指数平滑，非低销量组合使用综合Ridge
2022-04-02,178,C地五乡镇店,11002605,老板仔香脆海苔卷（原味）,包装海苔,多云,0,1,0,0,hybrid_low_q1_regular_ridge,低销量指数平滑-常规Ridge混合,very_sparse,1,天气、温度、风力、活动日为历史同月日参考；节假日按2022清明日历设定；低销量组合使用问题一指数平滑，非低销量组合使用综合Ridge
2022-04-02,178,C地五乡镇店,11004973,特仑苏纯牛奶,乳类饮品,多云,0,1,0,0,hybrid_low_q1_regular_ridge,低销量指数平滑-常规Ridge混合,very_sparse,1,天气、温度、风力、活动日为历史同月日参考；节假日按2022清明日历设定；低销量组合使用问题一指数平滑，非低销量组合使用综合Ridge
2022-04-02,178,C地五乡镇店,11005780,大丰古法瓜子,包装坚果,多云,0,1,0,1,hybrid_low_q1_regular_ridge,低销量指数平滑-常规Ridge混合,low_volume_intermittent,1,天气、温度、风力、活动日为历史同月日参考；节假日按2022清明日历设定；低销量组合使用问题一指数平滑，非低销量组合使用综合Ridge
2022-04-02,178,C地五乡镇店,11008516,李子柒螺蛳粉335g,速食类,多云,0,1,0,3,hybrid_low_q1_regular_ridge,低销量指数平滑-常规Ridge混合,intermittent,0,天气、温度、风力、活动日为历史同月日参考；节假日按2022清明日历设定；低销量组合使用问题一指数平滑，非低销量组合使用综合Ridge
2022-04-02,178,C地五乡镇店,12000134,百事可乐600ml,碳酸饮料,多云,0,1,0,3,hybrid_low_q1_regular_ridge,低销量指数平滑-常规Ridge混合,intermittent,0,天气、温度、风力、活动日为历史同月日参考；节假日按2022清明日历设定；低销量组合使用问题一指数平滑，非低销量组合使用综合Ridge
2022-04-02,178,C地五乡镇店,12000292,红牛,功能饮料,多云,0,1,0,17,hybrid_low_q1_regular_ridge,低销量指数平滑-常规Ridge混合,volatile,0,天气、温度、风力、活动日为历史同月日参考；节假日按2022清明日历设定；低销量组合使用问题一指数平滑，非低销量组合使用综合Ridge
2022-04-02,178,C地五乡镇店,12001131,旺仔牛奶,乳类饮品,多云,0,1,0,4,hybrid_low_q1_regular_ridge,低销量指数平滑-常规Ridge混合,intermittent,0,天气、温度、风力、活动日为历史同月日参考；节假日按2022清明日历设定；低销量组合使用问题一指数平滑，非低销量组合使用综合Ridge
2022-04-02,276,A地双桥路店,11000405,百事可乐330ml,碳酸饮料,多云,0,1,0,0,hybrid_low_q1_regular_ridge,低销量指数平滑-常规Ridge混合,very_sparse,1,天气、温度、风力、活动日为历史同月日参考；节假日按2022清明日历设定；低销量组合使用问题一指数平滑，非低销量组合使用综合Ridge
2022-04-02,276,A地双桥路店,11001020,韩国海牌海苔 / 韩国海飘海苔,包装海苔,多云,0,1,0,0,hybrid_low_q1_regular_ridge,低销量指数平滑-常规Ridge混合,very_sparse,1,天气、温度、风力、活动日为历史同月日参考；节假日按2022清明日历设定；低销量组合使用问题一指数平滑，非低销量组合使用综合Ridge
2022-04-02,276,A地双桥路店,11002170,三养辣火鸡味拌面,速食类,多云,0,1,0,0,hybrid_low_q1_regular_ridge,低销量指数平滑-常规Ridge混合,very_sparse,1,天气、温度、风力、活动日为历史同月日参考；节假日按2022清明日历设定；低销量组合使用问题一指数平滑，非低销量组合使用综合Ridge
2022-04-02,276,A地双桥路店,11002561,乡吧哥蜜汁鸡翅,包装散称,多云,0,1,0,0,hybrid_low_q1_regular_ridge,低销量指数平滑-常规Ridge混合,very_sparse,1,天气、温度、风力、活动日为历史同月日参考；节假日按2022清明日历设定；低销量组合使用问题一指数平滑，非低销量组合使用综合Ridge
2022-04-02,276,A地双桥路店,11002605,老板仔香脆海苔卷（原味）,包装海苔,多云,0,1,0,0,hybrid_low_q1_regular_ridge,低销量指数平滑-常规Ridge混合,very_sparse,1,天气、温度、风力、活动日为历史同月日参考；节假日按2022清明日历设定；低销量组合使用问题一指数平滑，非低销量组合使用综合Ridge
2022-04-02,276,A地双桥路店,11005780,大丰古法瓜子,包装坚果,多云,0,1,0,0,hybrid_low_q1_regular_ridge,低销量指数平滑-常规Ridge混合,very_sparse,1,天气、温度、风力、活动日为历史同月日参考；节假日按2022清明日历设定；低销量组合使用问题一指数平滑，非低销量组合使用综合Ridge
2022-04-02,276,A地双桥路店,11008516,李子柒螺蛳粉335g,速食类,多云,0,1,0,0,hybrid_low_q1_regular_ridge,低销量指数平滑-常规Ridge混合,very_sparse,1,天气、温度、风力、活动日为历史同月日参考；节假日按2022清明日历设定；低销量组合使用问题一指数平滑，非低销量组合使用综合Ridge
2022-04-02,276,A地双桥路店,12000134,百事可乐600ml,碳酸饮料,多云,0,1,0,0,hybrid_low_q1_regular_ridge,低销量指数平滑-常规Ridge混合,very_sparse,1,天气、温度、风力、活动日为历史同月日参考；节假日按2022清明日历设定；低销量组合使用问题一指数平滑，非低销量组合使用综合Ridge
2022-04-02,276,A地双桥路店,12000292,红牛,功能饮料,多云,0,1,0,1,hybrid_low_q1_regular_ridge,低销量指数平滑-常规Ridge混合,very_sparse,1,天气、温度、风力、活动日为历史同月日参考；节假日按2022清明日历设定；低销量组合使用问题一指数平滑，非低销量组合使用综合Ridge
2022-04-02,276,A地双桥路店,12001131,旺仔牛奶,乳类饮品,多云,0,1,0,0,hybrid_low_q1_regular_ridge,低销量指数平滑-常规Ridge混合,very_sparse,1,天气、温度、风力、活动日为历史同月日参考；节假日按2022清明日历设定；低销量组合使用问题一指数平滑，非低销量组合使用综合Ridge
2022-04-03,14,C地彩虹南路店,11000405,百事可乐330ml,碳酸饮料,阴,1,1,0,3,hybrid_low_q1_regular_ridge,低销量指数平滑-常规Ridge混合,volatile,0,天气、温度、风力、活动日为历史同月日参考；节假日按2022清明日历设定；低销量组合使用问题一指数平滑，非低销量组合使用综合Ridge
2022-04-03,14,C地彩虹南路店,11001020,韩国海牌海苔 / 韩国海飘海苔,包装海苔,阴,1,1,0,0,hybrid_low_q1_regular_ridge,低销量指数平滑-常规Ridge混合,intermittent,0,天气、温度、风力、活动日为历史同月日参考；节假日按2022清明日历设定；低销量组合使用问题一指数平滑，非低销量组合使用综合Ridge
2022-04-03,14,C地彩虹南路店,11002170,三养辣火鸡味拌面,速食类,阴,1,1,0,0,hybrid_low_q1_regular_ridge,低销量指数平滑-常规Ridge混合,very_sparse,1,天气、温度、风力、活动日为历史同月日参考；节假日按2022清明日历设定；低销量组合使用问题一指数平滑，非低销量组合使用综合Ridge
2022-04-03,14,C地彩虹南路店,11002561,乡吧哥蜜汁鸡翅,包装散称,阴,1,1,0,5,hybrid_low_q1_regular_ridge,低销量指数平滑-常规Ridge混合,volatile,0,天气、温度、风力、活动日为历史同月日参考；节假日按2022清明日历设定；低销量组合使用问题一指数平滑，非低销量组合使用综合Ridge
2022-04-03,14,C地彩虹南路店,11002605,老板仔香脆海苔卷（原味）,包装海苔,阴,1,1,0,0,hybrid_low_q1_regular_ridge,低销量指数平滑-常规Ridge混合,low_volume_intermittent,1,天气、温度、风力、活动日为历史同月日参考；节假日按2022清明日历设定；低销量组合使用问题一指数平滑，非低销量组合使用综合Ridge
2022-04-03,14,C地彩虹南路店,11004973,特仑苏纯牛奶,乳类饮品,阴,1,1,0,0,hybrid_low_q1_regular_ridge,低销量指数平滑-常规Ridge混合,intermittent,0,天气、温度、风力、活动日为历史同月日参考；节假日按2022清明日历设定；低销量组合使用问题一指数平滑，非低销量组合使用综合Ridge
2022-04-03,14,C地彩虹南路店,11005780,大丰古法瓜子,包装坚果,阴,1,1,0,0,hybrid_low_q1_regular_ridge,低销量指数平滑-常规Ridge混合,regular,0,天气、温度、风力、活动日为历史同月日参考；节假日按2022清明日历设定；低销量组合使用问题一指数平滑，非低销量组合使用综合Ridge
2022-04-03,14,C地彩虹南路店,11008516,李子柒螺蛳粉335g,速食类,阴,1,1,0,2,hybrid_low_q1_regular_ridge,低销量指数平滑-常规Ridge混合,low_volume_intermittent,1,天气、温度、风力、活动日为历史同月日参考；节假日按2022清明日历设定；低销量组合使用问题一指数平滑，非低销量组合使用综合Ridge
2022-04-03,14,C地彩虹南路店,11008644,洽洽早餐每日坚果（燕麦片）,包装冲饮,阴,1,1,0,0,hybrid_low_q1_regular_ridge,低销量指数平滑-常规Ridge混合,very_sparse,1,天气、温度、风力、活动日为历史同月日参考；节假日按2022清明日历设定；低销量组合使用问题一指数平滑，非低销量组合使用综合Ridge
2022-04-03,14,C地彩虹南路店,12000134,百事可乐600ml,碳酸饮料,阴,1,1,0,1,hybrid_low_q1_regular_ridge,低销量指数平滑-常规Ridge混合,regular,0,天气、温度、风力、活动日为历史同月日参考；节假日按2022清明日历设定；低销量组合使用问题一指数平滑，非低销量组合使用综合Ridge
2022-04-03,14,C地彩虹南路店,12000292,红牛,功能饮料,阴,1,1,0,6,hybrid_low_q1_regular_ridge,低销量指数平滑-常规Ridge混合,regular,0,天气、温度、风力、活动日为历史同月日参考；节假日按2022清明日历设定；低销量组合使用问题一指数平滑，非低销量组合使用综合Ridge
2022-04-03,14,C地彩虹南路店,12001131,旺仔牛奶,乳类饮品,阴,1,1,0,2,hybrid_low_q1_regular_ridge,低销量指数平滑-常规Ridge混合,intermittent,0,天气、温度、风力、活动日为历史同月日参考；节假日按2022清明日历设定；低销量组合使用问题一指数平滑，非低销量组合使用综合Ridge
2022-04-03,18,A地天九街店,11000405,百事可乐330ml,碳酸饮料,阴,1,1,0,4,hybrid_low_q1_regular_ridge,低销量指数平滑-常规Ridge混合,intermittent,0,天气、温度、风力、活动日为历史同月日参考；节假日按2022清明日历设定；低销量组合使用问题一指数平滑，非低销量组合使用综合Ridge
2022-04-03,18,A地天九街店,11001020,韩国海牌海苔 / 韩国海飘海苔,包装海苔,阴,1,1,0,2,hybrid_low_q1_regular_ridge,低销量指数平滑-常规Ridge混合,intermittent,0,天气、温度、风力、活动日为历史同月日参考；节假日按2022清明日历设定；低销量组合使用问题一指数平滑，非低销量组合使用综合Ridge
2022-04-03,18,A地天九街店,11002170,三养辣火鸡味拌面,速食类,阴,1,1,0,1,hybrid_low_q1_regular_ridge,低销量指数平滑-常规Ridge混合,low_volume_intermittent,1,天气、温度、风力、活动日为历史同月日参考；节假日按2022清明日历设定；低销量组合使用问题一指数平滑，非低销量组合使用综合Ridge
2022-04-03,18,A地天九街店,11002561,乡吧哥蜜汁鸡翅,包装散称,阴,1,1,0,4,hybrid_low_q1_regular_ridge,低销量指数平滑-常规Ridge混合,intermittent,0,天气、温度、风力、活动日为历史同月日参考；节假日按2022清明日历设定；低销量组合使用问题一指数平滑，非低销量组合使用综合Ridge
2022-04-03,18,A地天九街店,11002605,老板仔香脆海苔卷（原味）,包装海苔,阴,1,1,0,1,hybrid_low_q1_regular_ridge,低销量指数平滑-常规Ridge混合,very_sparse,1,天气、温度、风力、活动日为历史同月日参考；节假日按2022清明日历设定；低销量组合使用问题一指数平滑，非低销量组合使用综合Ridge
2022-04-03,18,A地天九街店,11005780,大丰古法瓜子,包装坚果,阴,1,1,0,1,hybrid_low_q1_regular_ridge,低销量指数平滑-常规Ridge混合,intermittent,0,天气、温度、风力、活动日为历史同月日参考；节假日按2022清明日历设定；低销量组合使用问题一指数平滑，非低销量组合使用综合Ridge
2022-04-03,18,A地天九街店,11008516,李子柒螺蛳粉335g,速食类,阴,1,1,0,0,hybrid_low_q1_regular_ridge,低销量指数平滑-常规Ridge混合,very_sparse,1,天气、温度、风力、活动日为历史同月日参考；节假日按2022清明日历设定；低销量组合使用问题一指数平滑，非低销量组合使用综合Ridge
2022-04-03,18,A地天九街店,12000134,百事可乐600ml,碳酸饮料,阴,1,1,0,3,hybrid_low_q1_regular_ridge,低销量指数平滑-常规Ridge混合,intermittent,0,天气、温度、风力、活动日为历史同月日参考；节假日按2022清明日历设定；低销量组合使用问题一指数平滑，非低销量组合使用综合Ridge
2022-04-03,18,A地天九街店,12000292,红牛,功能饮料,阴,1,1,0,15,hybrid_low_q1_regular_ridge,低销量指数平滑-常规Ridge混合,intermittent,0,天气、温度、风力、活动日为历史同月日参考；节假日按2022清明日历设定；低销量组合使用问题一指数平滑，非低销量组合使用综合Ridge
2022-04-03,18,A地天九街店,12001131,旺仔牛奶,乳类饮品,阴,1,1,0,2,hybrid_low_q1_regular_ridge,低销量指数平滑-常规Ridge混合,intermittent,0,天气、温度、风力、活动日为历史同月日参考；节假日按2022清明日历设定；低销量组合使用问题一指数平滑，非低销量组合使用综合Ridge
2022-04-03,23,C地姜山店,11000405,百事可乐330ml,碳酸饮料,阴,1,1,0,2,hybrid_low_q1_regular_ridge,低销量指数平滑-常规Ridge混合,intermittent,0,天气、温度、风力、活动日为历史同月日参考；节假日按2022清明日历设定；低销量组合使用问题一指数平滑，非低销量组合使用综合Ridge
2022-04-03,23,C地姜山店,11001020,韩国海牌海苔 / 韩国海飘海苔,包装海苔,阴,1,1,0,1,hybrid_low_q1_regular_ridge,低销量指数平滑-常规Ridge混合,regular,0,天气、温度、风力、活动日为历史同月日参考；节假日按2022清明日历设定；低销量组合使用问题一指数平滑，非低销量组合使用综合Ridge
2022-04-03,23,C地姜山店,11002170,三养辣火鸡味拌面,速食类,阴,1,1,0,1,hybrid_low_q1_regular_ridge,低销量指数平滑-常规Ridge混合,low_volume_intermittent,1,天气、温度、风力、活动日为历史同月日参考；节假日按2022清明日历设定；低销量组合使用问题一指数平滑，非低销量组合使用综合Ridge
2022-04-03,23,C地姜山店,11002561,乡吧哥蜜汁鸡翅,包装散称,阴,1,1,0,14,hybrid_low_q1_regular_ridge,低销量指数平滑-常规Ridge混合,volatile,0,天气、温度、风力、活动日为历史同月日参考；节假日按2022清明日历设定；低销量组合使用问题一指数平滑，非低销量组合使用综合Ridge
2022-04-03,23,C地姜山店,11002605,老板仔香脆海苔卷（原味）,包装海苔,阴,1,1,0,0,hybrid_low_q1_regular_ridge,低销量指数平滑-常规Ridge混合,intermittent,0,天气、温度、风力、活动日为历史同月日参考；节假日按2022清明日历设定；低销量组合使用问题一指数平滑，非低销量组合使用综合Ridge
2022-04-03,23,C地姜山店,11004973,特仑苏纯牛奶,乳类饮品,阴,1,1,0,0,hybrid_low_q1_regular_ridge,低销量指数平滑-常规Ridge混合,very_sparse,1,天气、温度、风力、活动日为历史同月日参考；节假日按2022清明日历设定；低销量组合使用问题一指数平滑，非低销量组合使用综合Ridge
2022-04-03,23,C地姜山店,11005780,大丰古法瓜子,包装坚果,阴,1,1,0,1,hybrid_low_q1_regular_ridge,低销量指数平滑-常规Ridge混合,regular,0,天气、温度、风力、活动日为历史同月日参考；节假日按2022清明日历设定；低销量组合使用问题一指数平滑，非低销量组合使用综合Ridge
2022-04-03,23,C地姜山店,11008516,李子柒螺蛳粉335g,速食类,阴,1,1,0,1,hybrid_low_q1_regular_ridge,低销量指数平滑-常规Ridge混合,intermittent,0,天气、温度、风力、活动日为历史同月日参考；节假日按2022清明日历设定；低销量组合使用问题一指数平滑，非低销量组合使用综合Ridge
2022-04-03,23,C地姜山店,12000134,百事可乐600ml,碳酸饮料,阴,1,1,0,1,hybrid_low_q1_regular_ridge,低销量指数平滑-常规Ridge混合,regular,0,天气、温度、风力、活动日为历史同月日参考；节假日按2022清明日历设定；低销量组合使用问题一指数平滑，非低销量组合使用综合Ridge
2022-04-03,23,C地姜山店,12000292,红牛,功能饮料,阴,1,1,0,4,hybrid_low_q1_regular_ridge,低销量指数平滑-常规Ridge混合,regular,0,天气、温度、风力、活动日为历史同月日参考；节假日按2022清明日历设定；低销量组合使用问题一指数平滑，非低销量组合使用综合Ridge
2022-04-03,23,C地姜山店,12001131,旺仔牛奶,乳类饮品,阴,1,1,0,1,hybrid_low_q1_regular_ridge,低销量指数平滑-常规Ridge混合,intermittent,0,天气、温度、风力、活动日为历史同月日参考；节假日按2022清明日历设定；低销量组合使用问题一指数平滑，非低销量组合使用综合Ridge
2022-04-03,47,C地桑田路店,11000405,百事可乐330ml,碳酸饮料,阴,1,1,0,2,hybrid_low_q1_regular_ridge,低销量指数平滑-常规Ridge混合,volatile,0,天气、温度、风力、活动日为历史同月日参考；节假日按2022清明日历设定；低销量组合使用问题一指数平滑，非低销量组合使用综合Ridge
2022-04-03,47,C地桑田路店,11001020,韩国海牌海苔 / 韩国海飘海苔,包装海苔,阴,1,1,0,2,hybrid_low_q1_regular_ridge,低销量指数平滑-常规Ridge混合,volatile,0,天气、温度、风力、活动日为历史同月日参考；节假日按2022清明日历设定；低销量组合使用问题一指数平滑，非低销量组合使用综合Ridge
2022-04-03,47,C地桑田路店,11002170,三养辣火鸡味拌面,速食类,阴,1,1,0,1,hybrid_low_q1_regular_ridge,低销量指数平滑-常规Ridge混合,low_volume_intermittent,1,天气、温度、风力、活动日为历史同月日参考；节假日按2022清明日历设定；低销量组合使用问题一指数平滑，非低销量组合使用综合Ridge
2022-04-03,47,C地桑田路店,11002561,乡吧哥蜜汁鸡翅,包装散称,阴,1,1,0,6,hybrid_low_q1_regular_ridge,低销量指数平滑-常规Ridge混合,regular,0,天气、温度、风力、活动日为历史同月日参考；节假日按2022清明日历设定；低销量组合使用问题一指数平滑，非低销量组合使用综合Ridge
2022-04-03,47,C地桑田路店,11002605,老板仔香脆海苔卷（原味）,包装海苔,阴,1,1,0,1,hybrid_low_q1_regular_ridge,低销量指数平滑-常规Ridge混合,intermittent,0,天气、温度、风力、活动日为历史同月日参考；节假日按2022清明日历设定；低销量组合使用问题一指数平滑，非低销量组合使用综合Ridge
2022-04-03,47,C地桑田路店,11005780,大丰古法瓜子,包装坚果,阴,1,1,0,1,hybrid_low_q1_regular_ridge,低销量指数平滑-常规Ridge混合,intermittent,0,天气、温度、风力、活动日为历史同月日参考；节假日按2022清明日历设定；低销量组合使用问题一指数平滑，非低销量组合使用综合Ridge
2022-04-03,47,C地桑田路店,11008516,李子柒螺蛳粉335g,速食类,阴,1,1,0,1,hybrid_low_q1_regular_ridge,低销量指数平滑-常规Ridge混合,low_volume_intermittent,1,天气、温度、风力、活动日为历史同月日参考；节假日按2022清明日历设定；低销量组合使用问题一指数平滑，非低销量组合使用综合Ridge
2022-04-03,47,C地桑田路店,11008644,洽洽早餐每日坚果（燕麦片）,包装冲饮,阴,1,1,0,0,hybrid_low_q1_regular_ridge,低销量指数平滑-常规Ridge混合,very_sparse,1,天气、温度、风力、活动日为历史同月日参考；节假日按2022清明日历设定；低销量组合使用问题一指数平滑，非低销量组合使用综合Ridge
2022-04-03,47,C地桑田路店,12000134,百事可乐600ml,碳酸饮料,阴,1,1,0,3,hybrid_low_q1_regular_ridge,低销量指数平滑-常规Ridge混合,regular,0,天气、温度、风力、活动日为历史同月日参考；节假日按2022清明日历设定；低销量组合使用问题一指数平滑，非低销量组合使用综合Ridge
2022-04-03,47,C地桑田路店,12000292,红牛,功能饮料,阴,1,1,0,3,hybrid_low_q1_regular_ridge,低销量指数平滑-常规Ridge混合,volatile,0,天气、温度、风力、活动日为历史同月日参考；节假日按2022清明日历设定；低销量组合使用问题一指数平滑，非低销量组合使用综合Ridge
2022-04-03,47,C地桑田路店,12001131,旺仔牛奶,乳类饮品,阴,1,1,0,1,hybrid_low_q1_regular_ridge,低销量指数平滑-常规Ridge混合,intermittent,0,天气、温度、风力、活动日为历史同月日参考；节假日按2022清明日历设定；低销量组合使用问题一指数平滑，非低销量组合使用综合Ridge
2022-04-03,69,B地江山店店,11000405,百事可乐330ml,碳酸饮料,阴,1,1,0,3,hybrid_low_q1_regular_ridge,低销量指数平滑-常规Ridge混合,regular,0,天气、温度、风力、活动日为历史同月日参考；节假日按2022清明日历设定；低销量组合使用问题一指数平滑，非低销量组合使用综合Ridge
2022-04-03,69,B地江山店店,11001020,韩国海牌海苔 / 韩国海飘海苔,包装海苔,阴,1,1,0,1,hybrid_low_q1_regular_ridge,低销量指数平滑-常规Ridge混合,intermittent,0,天气、温度、风力、活动日为历史同月日参考；节假日按2022清明日历设定；低销量组合使用问题一指数平滑，非低销量组合使用综合Ridge
2022-04-03,69,B地江山店店,11002170,三养辣火鸡味拌面,速食类,阴,1,1,0,1,hybrid_low_q1_regular_ridge,低销量指数平滑-常规Ridge混合,low_volume_intermittent,1,天气、温度、风力、活动日为历史同月日参考；节假日按2022清明日历设定；低销量组合使用问题一指数平滑，非低销量组合使用综合Ridge
2022-04-03,69,B地江山店店,11002561,乡吧哥蜜汁鸡翅,包装散称,阴,1,1,0,24,hybrid_low_q1_regular_ridge,低销量指数平滑-常规Ridge混合,volatile,0,天气、温度、风力、活动日为历史同月日参考；节假日按2022清明日历设定；低销量组合使用问题一指数平滑，非低销量组合使用综合Ridge
2022-04-03,69,B地江山店店,11002605,老板仔香脆海苔卷（原味）,包装海苔,阴,1,1,0,1,hybrid_low_q1_regular_ridge,低销量指数平滑-常规Ridge混合,intermittent,0,天气、温度、风力、活动日为历史同月日参考；节假日按2022清明日历设定；低销量组合使用问题一指数平滑，非低销量组合使用综合Ridge
2022-04-03,69,B地江山店店,11005780,大丰古法瓜子,包装坚果,阴,1,1,0,2,hybrid_low_q1_regular_ridge,低销量指数平滑-常规Ridge混合,regular,0,天气、温度、风力、活动日为历史同月日参考；节假日按2022清明日历设定；低销量组合使用问题一指数平滑，非低销量组合使用综合Ridge
2022-04-03,69,B地江山店店,11008516,李子柒螺蛳粉335g,速食类,阴,1,1,0,2,hybrid_low_q1_regular_ridge,低销量指数平滑-常规Ridge混合,intermittent,0,天气、温度、风力、活动日为历史同月日参考；节假日按2022清明日历设定；低销量组合使用问题一指数平滑，非低销量组合使用综合Ridge
2022-04-03,69,B地江山店店,11008644,洽洽早餐每日坚果（燕麦片）,包装冲饮,阴,1,1,0,0,hybrid_low_q1_regular_ridge,低销量指数平滑-常规Ridge混合,very_sparse,1,天气、温度、风力、活动日为历史同月日参考；节假日按2022清明日历设定；低销量组合使用问题一指数平滑，非低销量组合使用综合Ridge
2022-04-03,69,B地江山店店,12000134,百事可乐600ml,碳酸饮料,阴,1,1,0,5,hybrid_low_q1_regular_ridge,低销量指数平滑-常规Ridge混合,regular,0,天气、温度、风力、活动日为历史同月日参考；节假日按2022清明日历设定；低销量组合使用问题一指数平滑，非低销量组合使用综合Ridge
2022-04-03,69,B地江山店店,12000292,红牛,功能饮料,阴,1,1,0,6,hybrid_low_q1_regular_ridge,低销量指数平滑-常规Ridge混合,volatile,0,天气、温度、风力、活动日为历史同月日参考；节假日按2022清明日历设定；低销量组合使用问题一指数平滑，非低销量组合使用综合Ridge
2022-04-03,69,B地江山店店,12001131,旺仔牛奶,乳类饮品,阴,1,1,0,2,hybrid_low_q1_regular_ridge,低销量指数平滑-常规Ridge混合,volatile,0,天气、温度、风力、活动日为历史同月日参考；节假日按2022清明日历设定；低销量组合使用问题一指数平滑，非低销量组合使用综合Ridge
2022-04-03,178,C地五乡镇店,11000405,百事可乐330ml,碳酸饮料,阴,1,1,0,5,hybrid_low_q1_regular_ridge,低销量指数平滑-常规Ridge混合,low_volume_intermittent,1,天气、温度、风力、活动日为历史同月日参考；节假日按2022清明日历设定；低销量组合使用问题一指数平滑，非低销量组合使用综合Ridge
2022-04-03,178,C地五乡镇店,11001020,韩国海牌海苔 / 韩国海飘海苔,包装海苔,阴,1,1,0,1,hybrid_low_q1_regular_ridge,低销量指数平滑-常规Ridge混合,intermittent,0,天气、温度、风力、活动日为历史同月日参考；节假日按2022清明日历设定；低销量组合使用问题一指数平滑，非低销量组合使用综合Ridge
2022-04-03,178,C地五乡镇店,11002170,三养辣火鸡味拌面,速食类,阴,1,1,0,1,hybrid_low_q1_regular_ridge,低销量指数平滑-常规Ridge混合,intermittent,0,天气、温度、风力、活动日为历史同月日参考；节假日按2022清明日历设定；低销量组合使用问题一指数平滑，非低销量组合使用综合Ridge
2022-04-03,178,C地五乡镇店,11002561,乡吧哥蜜汁鸡翅,包装散称,阴,1,1,0,9,hybrid_low_q1_regular_ridge,低销量指数平滑-常规Ridge混合,intermittent,0,天气、温度、风力、活动日为历史同月日参考；节假日按2022清明日历设定；低销量组合使用问题一指数平滑，非低销量组合使用综合Ridge
2022-04-03,178,C地五乡镇店,11002605,老板仔香脆海苔卷（原味）,包装海苔,阴,1,1,0,0,hybrid_low_q1_regular_ridge,低销量指数平滑-常规Ridge混合,very_sparse,1,天气、温度、风力、活动日为历史同月日参考；节假日按2022清明日历设定；低销量组合使用问题一指数平滑，非低销量组合使用综合Ridge
2022-04-03,178,C地五乡镇店,11004973,特仑苏纯牛奶,乳类饮品,阴,1,1,0,0,hybrid_low_q1_regular_ridge,低销量指数平滑-常规Ridge混合,very_sparse,1,天气、温度、风力、活动日为历史同月日参考；节假日按2022清明日历设定；低销量组合使用问题一指数平滑，非低销量组合使用综合Ridge
2022-04-03,178,C地五乡镇店,11005780,大丰古法瓜子,包装坚果,阴,1,1,0,1,hybrid_low_q1_regular_ridge,低销量指数平滑-常规Ridge混合,low_volume_intermittent,1,天气、温度、风力、活动日为历史同月日参考；节假日按2022清明日历设定；低销量组合使用问题一指数平滑，非低销量组合使用综合Ridge
2022-04-03,178,C地五乡镇店,11008516,李子柒螺蛳粉335g,速食类,阴,1,1,0,3,hybrid_low_q1_regular_ridge,低销量指数平滑-常规Ridge混合,intermittent,0,天气、温度、风力、活动日为历史同月日参考；节假日按2022清明日历设定；低销量组合使用问题一指数平滑，非低销量组合使用综合Ridge
2022-04-03,178,C地五乡镇店,12000134,百事可乐600ml,碳酸饮料,阴,1,1,0,2,hybrid_low_q1_regular_ridge,低销量指数平滑-常规Ridge混合,intermittent,0,天气、温度、风力、活动日为历史同月日参考；节假日按2022清明日历设定；低销量组合使用问题一指数平滑，非低销量组合使用综合Ridge
2022-04-03,178,C地五乡镇店,12000292,红牛,功能饮料,阴,1,1,0,17,hybrid_low_q1_regular_ridge,低销量指数平滑-常规Ridge混合,volatile,0,天气、温度、风力、活动日为历史同月日参考；节假日按2022清明日历设定；低销量组合使用问题一指数平滑，非低销量组合使用综合Ridge
2022-04-03,178,C地五乡镇店,12001131,旺仔牛奶,乳类饮品,阴,1,1,0,4,hybrid_low_q1_regular_ridge,低销量指数平滑-常规Ridge混合,intermittent,0,天气、温度、风力、活动日为历史同月日参考；节假日按2022清明日历设定；低销量组合使用问题一指数平滑，非低销量组合使用综合Ridge
2022-04-03,276,A地双桥路店,11000405,百事可乐330ml,碳酸饮料,阴,1,1,0,0,hybrid_low_q1_regular_ridge,低销量指数平滑-常规Ridge混合,very_sparse,1,天气、温度、风力、活动日为历史同月日参考；节假日按2022清明日历设定；低销量组合使用问题一指数平滑，非低销量组合使用综合Ridge
2022-04-03,276,A地双桥路店,11001020,韩国海牌海苔 / 韩国海飘海苔,包装海苔,阴,1,1,0,0,hybrid_low_q1_regular_ridge,低销量指数平滑-常规Ridge混合,very_sparse,1,天气、温度、风力、活动日为历史同月日参考；节假日按2022清明日历设定；低销量组合使用问题一指数平滑，非低销量组合使用综合Ridge
2022-04-03,276,A地双桥路店,11002170,三养辣火鸡味拌面,速食类,阴,1,1,0,0,hybrid_low_q1_regular_ridge,低销量指数平滑-常规Ridge混合,very_sparse,1,天气、温度、风力、活动日为历史同月日参考；节假日按2022清明日历设定；低销量组合使用问题一指数平滑，非低销量组合使用综合Ridge
2022-04-03,276,A地双桥路店,11002561,乡吧哥蜜汁鸡翅,包装散称,阴,1,1,0,0,hybrid_low_q1_regular_ridge,低销量指数平滑-常规Ridge混合,very_sparse,1,天气、温度、风力、活动日为历史同月日参考；节假日按2022清明日历设定；低销量组合使用问题一指数平滑，非低销量组合使用综合Ridge
2022-04-03,276,A地双桥路店,11002605,老板仔香脆海苔卷（原味）,包装海苔,阴,1,1,0,0,hybrid_low_q1_regular_ridge,低销量指数平滑-常规Ridge混合,very_sparse,1,天气、温度、风力、活动日为历史同月日参考；节假日按2022清明日历设定；低销量组合使用问题一指数平滑，非低销量组合使用综合Ridge
2022-04-03,276,A地双桥路店,11005780,大丰古法瓜子,包装坚果,阴,1,1,0,0,hybrid_low_q1_regular_ridge,低销量指数平滑-常规Ridge混合,very_sparse,1,天气、温度、风力、活动日为历史同月日参考；节假日按2022清明日历设定；低销量组合使用问题一指数平滑，非低销量组合使用综合Ridge
2022-04-03,276,A地双桥路店,11008516,李子柒螺蛳粉335g,速食类,阴,1,1,0,0,hybrid_low_q1_regular_ridge,低销量指数平滑-常规Ridge混合,very_sparse,1,天气、温度、风力、活动日为历史同月日参考；节假日按2022清明日历设定；低销量组合使用问题一指数平滑，非低销量组合使用综合Ridge
2022-04-03,276,A地双桥路店,12000134,百事可乐600ml,碳酸饮料,阴,1,1,0,0,hybrid_low_q1_regular_ridge,低销量指数平滑-常规Ridge混合,very_sparse,1,天气、温度、风力、活动日为历史同月日参考；节假日按2022清明日历设定；低销量组合使用问题一指数平滑，非低销量组合使用综合Ridge
2022-04-03,276,A地双桥路店,12000292,红牛,功能饮料,阴,1,1,0,1,hybrid_low_q1_regular_ridge,低销量指数平滑-常规Ridge混合,very_sparse,1,天气、温度、风力、活动日为历史同月日参考；节假日按2022清明日历设定；低销量组合使用问题一指数平滑，非低销量组合使用综合Ridge
2022-04-03,276,A地双桥路店,12001131,旺仔牛奶,乳类饮品,阴,1,1,0,0,hybrid_low_q1_regular_ridge,低销量指数平滑-常规Ridge混合,very_sparse,1,天气、温度、风力、活动日为历史同月日参考；节假日按2022清明日历设定；低销量组合使用问题一指数平滑，非低销量组合使用综合Ridge
2022-04-04,14,C地彩虹南路店,11000405,百事可乐330ml,碳酸饮料,多云,1,0,0,2,hybrid_low_q1_regular_ridge,低销量指数平滑-常规Ridge混合,volatile,0,天气、温度、风力、活动日为历史同月日参考；节假日按2022清明日历设定；低销量组合使用问题一指数平滑，非低销量组合使用综合Ridge
2022-04-04,14,C地彩虹南路店,11001020,韩国海牌海苔 / 韩国海飘海苔,包装海苔,多云,1,0,0,0,hybrid_low_q1_regular_ridge,低销量指数平滑-常规Ridge混合,intermittent,0,天气、温度、风力、活动日为历史同月日参考；节假日按2022清明日历设定；低销量组合使用问题一指数平滑，非低销量组合使用综合Ridge
2022-04-04,14,C地彩虹南路店,11002170,三养辣火鸡味拌面,速食类,多云,1,0,0,0,hybrid_low_q1_regular_ridge,低销量指数平滑-常规Ridge混合,very_sparse,1,天气、温度、风力、活动日为历史同月日参考；节假日按2022清明日历设定；低销量组合使用问题一指数平滑，非低销量组合使用综合Ridge
2022-04-04,14,C地彩虹南路店,11002561,乡吧哥蜜汁鸡翅,包装散称,多云,1,0,0,5,hybrid_low_q1_regular_ridge,低销量指数平滑-常规Ridge混合,volatile,0,天气、温度、风力、活动日为历史同月日参考；节假日按2022清明日历设定；低销量组合使用问题一指数平滑，非低销量组合使用综合Ridge
2022-04-04,14,C地彩虹南路店,11002605,老板仔香脆海苔卷（原味）,包装海苔,多云,1,0,0,0,hybrid_low_q1_regular_ridge,低销量指数平滑-常规Ridge混合,low_volume_intermittent,1,天气、温度、风力、活动日为历史同月日参考；节假日按2022清明日历设定；低销量组合使用问题一指数平滑，非低销量组合使用综合Ridge
2022-04-04,14,C地彩虹南路店,11004973,特仑苏纯牛奶,乳类饮品,多云,1,0,0,0,hybrid_low_q1_regular_ridge,低销量指数平滑-常规Ridge混合,intermittent,0,天气、温度、风力、活动日为历史同月日参考；节假日按2022清明日历设定；低销量组合使用问题一指数平滑，非低销量组合使用综合Ridge
2022-04-04,14,C地彩虹南路店,11005780,大丰古法瓜子,包装坚果,多云,1,0,0,0,hybrid_low_q1_regular_ridge,低销量指数平滑-常规Ridge混合,regular,0,天气、温度、风力、活动日为历史同月日参考；节假日按2022清明日历设定；低销量组合使用问题一指数平滑，非低销量组合使用综合Ridge
2022-04-04,14,C地彩虹南路店,11008516,李子柒螺蛳粉335g,速食类,多云,1,0,0,2,hybrid_low_q1_regular_ridge,低销量指数平滑-常规Ridge混合,low_volume_intermittent,1,天气、温度、风力、活动日为历史同月日参考；节假日按2022清明日历设定；低销量组合使用问题一指数平滑，非低销量组合使用综合Ridge
2022-04-04,14,C地彩虹南路店,11008644,洽洽早餐每日坚果（燕麦片）,包装冲饮,多云,1,0,0,0,hybrid_low_q1_regular_ridge,低销量指数平滑-常规Ridge混合,very_sparse,1,天气、温度、风力、活动日为历史同月日参考；节假日按2022清明日历设定；低销量组合使用问题一指数平滑，非低销量组合使用综合Ridge
2022-04-04,14,C地彩虹南路店,12000134,百事可乐600ml,碳酸饮料,多云,1,0,0,1,hybrid_low_q1_regular_ridge,低销量指数平滑-常规Ridge混合,regular,0,天气、温度、风力、活动日为历史同月日参考；节假日按2022清明日历设定；低销量组合使用问题一指数平滑，非低销量组合使用综合Ridge
2022-04-04,14,C地彩虹南路店,12000292,红牛,功能饮料,多云,1,0,0,6,hybrid_low_q1_regular_ridge,低销量指数平滑-常规Ridge混合,regular,0,天气、温度、风力、活动日为历史同月日参考；节假日按2022清明日历设定；低销量组合使用问题一指数平滑，非低销量组合使用综合Ridge
2022-04-04,14,C地彩虹南路店,12001131,旺仔牛奶,乳类饮品,多云,1,0,0,2,hybrid_low_q1_regular_ridge,低销量指数平滑-常规Ridge混合,intermittent,0,天气、温度、风力、活动日为历史同月日参考；节假日按2022清明日历设定；低销量组合使用问题一指数平滑，非低销量组合使用综合Ridge
2022-04-04,18,A地天九街店,11000405,百事可乐330ml,碳酸饮料,多云,1,0,0,5,hybrid_low_q1_regular_ridge,低销量指数平滑-常规Ridge混合,intermittent,0,天气、温度、风力、活动日为历史同月日参考；节假日按2022清明日历设定；低销量组合使用问题一指数平滑，非低销量组合使用综合Ridge
2022-04-04,18,A地天九街店,11001020,韩国海牌海苔 / 韩国海飘海苔,包装海苔,多云,1,0,0,1,hybrid_low_q1_regular_ridge,低销量指数平滑-常规Ridge混合,intermittent,0,天气、温度、风力、活动日为历史同月日参考；节假日按2022清明日历设定；低销量组合使用问题一指数平滑，非低销量组合使用综合Ridge
2022-04-04,18,A地天九街店,11002170,三养辣火鸡味拌面,速食类,多云,1,0,0,1,hybrid_low_q1_regular_ridge,低销量指数平滑-常规Ridge混合,low_volume_intermittent,1,天气、温度、风力、活动日为历史同月日参考；节假日按2022清明日历设定；低销量组合使用问题一指数平滑，非低销量组合使用综合Ridge
2022-04-04,18,A地天九街店,11002561,乡吧哥蜜汁鸡翅,包装散称,多云,1,0,0,4,hybrid_low_q1_regular_ridge,低销量指数平滑-常规Ridge混合,intermittent,0,天气、温度、风力、活动日为历史同月日参考；节假日按2022清明日历设定；低销量组合使用问题一指数平滑，非低销量组合使用综合Ridge
2022-04-04,18,A地天九街店,11002605,老板仔香脆海苔卷（原味）,包装海苔,多云,1,0,0,1,hybrid_low_q1_regular_ridge,低销量指数平滑-常规Ridge混合,very_sparse,1,天气、温度、风力、活动日为历史同月日参考；节假日按2022清明日历设定；低销量组合使用问题一指数平滑，非低销量组合使用综合Ridge
2022-04-04,18,A地天九街店,11005780,大丰古法瓜子,包装坚果,多云,1,0,0,1,hybrid_low_q1_regular_ridge,低销量指数平滑-常规Ridge混合,intermittent,0,天气、温度、风力、活动日为历史同月日参考；节假日按2022清明日历设定；低销量组合使用问题一指数平滑，非低销量组合使用综合Ridge
2022-04-04,18,A地天九街店,11008516,李子柒螺蛳粉335g,速食类,多云,1,0,0,0,hybrid_low_q1_regular_ridge,低销量指数平滑-常规Ridge混合,very_sparse,1,天气、温度、风力、活动日为历史同月日参考；节假日按2022清明日历设定；低销量组合使用问题一指数平滑，非低销量组合使用综合Ridge
2022-04-04,18,A地天九街店,12000134,百事可乐600ml,碳酸饮料,多云,1,0,0,3,hybrid_low_q1_regular_ridge,低销量指数平滑-常规Ridge混合,intermittent,0,天气、温度、风力、活动日为历史同月日参考；节假日按2022清明日历设定；低销量组合使用问题一指数平滑，非低销量组合使用综合Ridge
2022-04-04,18,A地天九街店,12000292,红牛,功能饮料,多云,1,0,0,14,hybrid_low_q1_regular_ridge,低销量指数平滑-常规Ridge混合,intermittent,0,天气、温度、风力、活动日为历史同月日参考；节假日按2022清明日历设定；低销量组合使用问题一指数平滑，非低销量组合使用综合Ridge
2022-04-04,18,A地天九街店,12001131,旺仔牛奶,乳类饮品,多云,1,0,0,2,hybrid_low_q1_regular_ridge,低销量指数平滑-常规Ridge混合,intermittent,0,天气、温度、风力、活动日为历史同月日参考；节假日按2022清明日历设定；低销量组合使用问题一指数平滑，非低销量组合使用综合Ridge
2022-04-04,23,C地姜山店,11000405,百事可乐330ml,碳酸饮料,多云,1,0,0,1,hybrid_low_q1_regular_ridge,低销量指数平滑-常规Ridge混合,intermittent,0,天气、温度、风力、活动日为历史同月日参考；节假日按2022清明日历设定；低销量组合使用问题一指数平滑，非低销量组合使用综合Ridge
2022-04-04,23,C地姜山店,11001020,韩国海牌海苔 / 韩国海飘海苔,包装海苔,多云,1,0,0,0,hybrid_low_q1_regular_ridge,低销量指数平滑-常规Ridge混合,regular,0,天气、温度、风力、活动日为历史同月日参考；节假日按2022清明日历设定；低销量组合使用问题一指数平滑，非低销量组合使用综合Ridge
2022-04-04,23,C地姜山店,11002170,三养辣火鸡味拌面,速食类,多云,1,0,0,1,hybrid_low_q1_regular_ridge,低销量指数平滑-常规Ridge混合,low_volume_intermittent,1,天气、温度、风力、活动日为历史同月日参考；节假日按2022清明日历设定；低销量组合使用问题一指数平滑，非低销量组合使用综合Ridge
2022-04-04,23,C地姜山店,11002561,乡吧哥蜜汁鸡翅,包装散称,多云,1,0,0,14,hybrid_low_q1_regular_ridge,低销量指数平滑-常规Ridge混合,volatile,0,天气、温度、风力、活动日为历史同月日参考；节假日按2022清明日历设定；低销量组合使用问题一指数平滑，非低销量组合使用综合Ridge
2022-04-04,23,C地姜山店,11002605,老板仔香脆海苔卷（原味）,包装海苔,多云,1,0,0,0,hybrid_low_q1_regular_ridge,低销量指数平滑-常规Ridge混合,intermittent,0,天气、温度、风力、活动日为历史同月日参考；节假日按2022清明日历设定；低销量组合使用问题一指数平滑，非低销量组合使用综合Ridge
2022-04-04,23,C地姜山店,11004973,特仑苏纯牛奶,乳类饮品,多云,1,0,0,0,hybrid_low_q1_regular_ridge,低销量指数平滑-常规Ridge混合,very_sparse,1,天气、温度、风力、活动日为历史同月日参考；节假日按2022清明日历设定；低销量组合使用问题一指数平滑，非低销量组合使用综合Ridge
2022-04-04,23,C地姜山店,11005780,大丰古法瓜子,包装坚果,多云,1,0,0,0,hybrid_low_q1_regular_ridge,低销量指数平滑-常规Ridge混合,regular,0,天气、温度、风力、活动日为历史同月日参考；节假日按2022清明日历设定；低销量组合使用问题一指数平滑，非低销量组合使用综合Ridge
2022-04-04,23,C地姜山店,11008516,李子柒螺蛳粉335g,速食类,多云,1,0,0,1,hybrid_low_q1_regular_ridge,低销量指数平滑-常规Ridge混合,intermittent,0,天气、温度、风力、活动日为历史同月日参考；节假日按2022清明日历设定；低销量组合使用问题一指数平滑，非低销量组合使用综合Ridge
2022-04-04,23,C地姜山店,12000134,百事可乐600ml,碳酸饮料,多云,1,0,0,1,hybrid_low_q1_regular_ridge,低销量指数平滑-常规Ridge混合,regular,0,天气、温度、风力、活动日为历史同月日参考；节假日按2022清明日历设定；低销量组合使用问题一指数平滑，非低销量组合使用综合Ridge
2022-04-04,23,C地姜山店,12000292,红牛,功能饮料,多云,1,0,0,3,hybrid_low_q1_regular_ridge,低销量指数平滑-常规Ridge混合,regular,0,天气、温度、风力、活动日为历史同月日参考；节假日按2022清明日历设定；低销量组合使用问题一指数平滑，非低销量组合使用综合Ridge
2022-04-04,23,C地姜山店,12001131,旺仔牛奶,乳类饮品,多云,1,0,0,1,hybrid_low_q1_regular_ridge,低销量指数平滑-常规Ridge混合,intermittent,0,天气、温度、风力、活动日为历史同月日参考；节假日按2022清明日历设定；低销量组合使用问题一指数平滑，非低销量组合使用综合Ridge
2022-04-04,47,C地桑田路店,11000405,百事可乐330ml,碳酸饮料,多云,1,0,0,2,hybrid_low_q1_regular_ridge,低销量指数平滑-常规Ridge混合,volatile,0,天气、温度、风力、活动日为历史同月日参考；节假日按2022清明日历设定；低销量组合使用问题一指数平滑，非低销量组合使用综合Ridge
2022-04-04,47,C地桑田路店,11001020,韩国海牌海苔 / 韩国海飘海苔,包装海苔,多云,1,0,0,2,hybrid_low_q1_regular_ridge,低销量指数平滑-常规Ridge混合,volatile,0,天气、温度、风力、活动日为历史同月日参考；节假日按2022清明日历设定；低销量组合使用问题一指数平滑，非低销量组合使用综合Ridge
2022-04-04,47,C地桑田路店,11002170,三养辣火鸡味拌面,速食类,多云,1,0,0,1,hybrid_low_q1_regular_ridge,低销量指数平滑-常规Ridge混合,low_volume_intermittent,1,天气、温度、风力、活动日为历史同月日参考；节假日按2022清明日历设定；低销量组合使用问题一指数平滑，非低销量组合使用综合Ridge
2022-04-04,47,C地桑田路店,11002561,乡吧哥蜜汁鸡翅,包装散称,多云,1,0,0,6,hybrid_low_q1_regular_ridge,低销量指数平滑-常规Ridge混合,regular,0,天气、温度、风力、活动日为历史同月日参考；节假日按2022清明日历设定；低销量组合使用问题一指数平滑，非低销量组合使用综合Ridge
2022-04-04,47,C地桑田路店,11002605,老板仔香脆海苔卷（原味）,包装海苔,多云,1,0,0,1,hybrid_low_q1_regular_ridge,低销量指数平滑-常规Ridge混合,intermittent,0,天气、温度、风力、活动日为历史同月日参考；节假日按2022清明日历设定；低销量组合使用问题一指数平滑，非低销量组合使用综合Ridge
2022-04-04,47,C地桑田路店,11005780,大丰古法瓜子,包装坚果,多云,1,0,0,1,hybrid_low_q1_regular_ridge,低销量指数平滑-常规Ridge混合,intermittent,0,天气、温度、风力、活动日为历史同月日参考；节假日按2022清明日历设定；低销量组合使用问题一指数平滑，非低销量组合使用综合Ridge
2022-04-04,47,C地桑田路店,11008516,李子柒螺蛳粉335g,速食类,多云,1,0,0,1,hybrid_low_q1_regular_ridge,低销量指数平滑-常规Ridge混合,low_volume_intermittent,1,天气、温度、风力、活动日为历史同月日参考；节假日按2022清明日历设定；低销量组合使用问题一指数平滑，非低销量组合使用综合Ridge
2022-04-04,47,C地桑田路店,11008644,洽洽早餐每日坚果（燕麦片）,包装冲饮,多云,1,0,0,0,hybrid_low_q1_regular_ridge,低销量指数平滑-常规Ridge混合,very_sparse,1,天气、温度、风力、活动日为历史同月日参考；节假日按2022清明日历设定；低销量组合使用问题一指数平滑，非低销量组合使用综合Ridge
2022-04-04,47,C地桑田路店,12000134,百事可乐600ml,碳酸饮料,多云,1,0,0,2,hybrid_low_q1_regular_ridge,低销量指数平滑-常规Ridge混合,regular,0,天气、温度、风力、活动日为历史同月日参考；节假日按2022清明日历设定；低销量组合使用问题一指数平滑，非低销量组合使用综合Ridge
2022-04-04,47,C地桑田路店,12000292,红牛,功能饮料,多云,1,0,0,3,hybrid_low_q1_regular_ridge,低销量指数平滑-常规Ridge混合,volatile,0,天气、温度、风力、活动日为历史同月日参考；节假日按2022清明日历设定；低销量组合使用问题一指数平滑，非低销量组合使用综合Ridge
2022-04-04,47,C地桑田路店,12001131,旺仔牛奶,乳类饮品,多云,1,0,0,1,hybrid_low_q1_regular_ridge,低销量指数平滑-常规Ridge混合,intermittent,0,天气、温度、风力、活动日为历史同月日参考；节假日按2022清明日历设定；低销量组合使用问题一指数平滑，非低销量组合使用综合Ridge
2022-04-04,69,B地江山店店,11000405,百事可乐330ml,碳酸饮料,多云,1,0,0,3,hybrid_low_q1_regular_ridge,低销量指数平滑-常规Ridge混合,regular,0,天气、温度、风力、活动日为历史同月日参考；节假日按2022清明日历设定；低销量组合使用问题一指数平滑，非低销量组合使用综合Ridge
2022-04-04,69,B地江山店店,11001020,韩国海牌海苔 / 韩国海飘海苔,包装海苔,多云,1,0,0,1,hybrid_low_q1_regular_ridge,低销量指数平滑-常规Ridge混合,intermittent,0,天气、温度、风力、活动日为历史同月日参考；节假日按2022清明日历设定；低销量组合使用问题一指数平滑，非低销量组合使用综合Ridge
2022-04-04,69,B地江山店店,11002170,三养辣火鸡味拌面,速食类,多云,1,0,0,1,hybrid_low_q1_regular_ridge,低销量指数平滑-常规Ridge混合,low_volume_intermittent,1,天气、温度、风力、活动日为历史同月日参考；节假日按2022清明日历设定；低销量组合使用问题一指数平滑，非低销量组合使用综合Ridge
2022-04-04,69,B地江山店店,11002561,乡吧哥蜜汁鸡翅,包装散称,多云,1,0,0,24,hybrid_low_q1_regular_ridge,低销量指数平滑-常规Ridge混合,volatile,0,天气、温度、风力、活动日为历史同月日参考；节假日按2022清明日历设定；低销量组合使用问题一指数平滑，非低销量组合使用综合Ridge
2022-04-04,69,B地江山店店,11002605,老板仔香脆海苔卷（原味）,包装海苔,多云,1,0,0,0,hybrid_low_q1_regular_ridge,低销量指数平滑-常规Ridge混合,intermittent,0,天气、温度、风力、活动日为历史同月日参考；节假日按2022清明日历设定；低销量组合使用问题一指数平滑，非低销量组合使用综合Ridge
2022-04-04,69,B地江山店店,11005780,大丰古法瓜子,包装坚果,多云,1,0,0,2,hybrid_low_q1_regular_ridge,低销量指数平滑-常规Ridge混合,regular,0,天气、温度、风力、活动日为历史同月日参考；节假日按2022清明日历设定；低销量组合使用问题一指数平滑，非低销量组合使用综合Ridge
2022-04-04,69,B地江山店店,11008516,李子柒螺蛳粉335g,速食类,多云,1,0,0,1,hybrid_low_q1_regular_ridge,低销量指数平滑-常规Ridge混合,intermittent,0,天气、温度、风力、活动日为历史同月日参考；节假日按2022清明日历设定；低销量组合使用问题一指数平滑，非低销量组合使用综合Ridge
2022-04-04,69,B地江山店店,11008644,洽洽早餐每日坚果（燕麦片）,包装冲饮,多云,1,0,0,0,hybrid_low_q1_regular_ridge,低销量指数平滑-常规Ridge混合,very_sparse,1,天气、温度、风力、活动日为历史同月日参考；节假日按2022清明日历设定；低销量组合使用问题一指数平滑，非低销量组合使用综合Ridge
2022-04-04,69,B地江山店店,12000134,百事可乐600ml,碳酸饮料,多云,1,0,0,5,hybrid_low_q1_regular_ridge,低销量指数平滑-常规Ridge混合,regular,0,天气、温度、风力、活动日为历史同月日参考；节假日按2022清明日历设定；低销量组合使用问题一指数平滑，非低销量组合使用综合Ridge
2022-04-04,69,B地江山店店,12000292,红牛,功能饮料,多云,1,0,0,6,hybrid_low_q1_regular_ridge,低销量指数平滑-常规Ridge混合,volatile,0,天气、温度、风力、活动日为历史同月日参考；节假日按2022清明日历设定；低销量组合使用问题一指数平滑，非低销量组合使用综合Ridge
2022-04-04,69,B地江山店店,12001131,旺仔牛奶,乳类饮品,多云,1,0,0,2,hybrid_low_q1_regular_ridge,低销量指数平滑-常规Ridge混合,volatile,0,天气、温度、风力、活动日为历史同月日参考；节假日按2022清明日历设定；低销量组合使用问题一指数平滑，非低销量组合使用综合Ridge
2022-04-04,178,C地五乡镇店,11000405,百事可乐330ml,碳酸饮料,多云,1,0,0,5,hybrid_low_q1_regular_ridge,低销量指数平滑-常规Ridge混合,low_volume_intermittent,1,天气、温度、风力、活动日为历史同月日参考；节假日按2022清明日历设定；低销量组合使用问题一指数平滑，非低销量组合使用综合Ridge
2022-04-04,178,C地五乡镇店,11001020,韩国海牌海苔 / 韩国海飘海苔,包装海苔,多云,1,0,0,1,hybrid_low_q1_regular_ridge,低销量指数平滑-常规Ridge混合,intermittent,0,天气、温度、风力、活动日为历史同月日参考；节假日按2022清明日历设定；低销量组合使用问题一指数平滑，非低销量组合使用综合Ridge
2022-04-04,178,C地五乡镇店,11002170,三养辣火鸡味拌面,速食类,多云,1,0,0,1,hybrid_low_q1_regular_ridge,低销量指数平滑-常规Ridge混合,intermittent,0,天气、温度、风力、活动日为历史同月日参考；节假日按2022清明日历设定；低销量组合使用问题一指数平滑，非低销量组合使用综合Ridge
2022-04-04,178,C地五乡镇店,11002561,乡吧哥蜜汁鸡翅,包装散称,多云,1,0,0,8,hybrid_low_q1_regular_ridge,低销量指数平滑-常规Ridge混合,intermittent,0,天气、温度、风力、活动日为历史同月日参考；节假日按2022清明日历设定；低销量组合使用问题一指数平滑，非低销量组合使用综合Ridge
2022-04-04,178,C地五乡镇店,11002605,老板仔香脆海苔卷（原味）,包装海苔,多云,1,0,0,0,hybrid_low_q1_regular_ridge,低销量指数平滑-常规Ridge混合,very_sparse,1,天气、温度、风力、活动日为历史同月日参考；节假日按2022清明日历设定；低销量组合使用问题一指数平滑，非低销量组合使用综合Ridge
2022-04-04,178,C地五乡镇店,11004973,特仑苏纯牛奶,乳类饮品,多云,1,0,0,0,hybrid_low_q1_regular_ridge,低销量指数平滑-常规Ridge混合,very_sparse,1,天气、温度、风力、活动日为历史同月日参考；节假日按2022清明日历设定；低销量组合使用问题一指数平滑，非低销量组合使用综合Ridge
2022-04-04,178,C地五乡镇店,11005780,大丰古法瓜子,包装坚果,多云,1,0,0,1,hybrid_low_q1_regular_ridge,低销量指数平滑-常规Ridge混合,low_volume_intermittent,1,天气、温度、风力、活动日为历史同月日参考；节假日按2022清明日历设定；低销量组合使用问题一指数平滑，非低销量组合使用综合Ridge
2022-04-04,178,C地五乡镇店,11008516,李子柒螺蛳粉335g,速食类,多云,1,0,0,2,hybrid_low_q1_regular_ridge,低销量指数平滑-常规Ridge混合,intermittent,0,天气、温度、风力、活动日为历史同月日参考；节假日按2022清明日历设定；低销量组合使用问题一指数平滑，非低销量组合使用综合Ridge
2022-04-04,178,C地五乡镇店,12000134,百事可乐600ml,碳酸饮料,多云,1,0,0,2,hybrid_low_q1_regular_ridge,低销量指数平滑-常规Ridge混合,intermittent,0,天气、温度、风力、活动日为历史同月日参考；节假日按2022清明日历设定；低销量组合使用问题一指数平滑，非低销量组合使用综合Ridge
2022-04-04,178,C地五乡镇店,12000292,红牛,功能饮料,多云,1,0,0,17,hybrid_low_q1_regular_ridge,低销量指数平滑-常规Ridge混合,volatile,0,天气、温度、风力、活动日为历史同月日参考；节假日按2022清明日历设定；低销量组合使用问题一指数平滑，非低销量组合使用综合Ridge
2022-04-04,178,C地五乡镇店,12001131,旺仔牛奶,乳类饮品,多云,1,0,0,4,hybrid_low_q1_regular_ridge,低销量指数平滑-常规Ridge混合,intermittent,0,天气、温度、风力、活动日为历史同月日参考；节假日按2022清明日历设定；低销量组合使用问题一指数平滑，非低销量组合使用综合Ridge
2022-04-04,276,A地双桥路店,11000405,百事可乐330ml,碳酸饮料,多云,1,0,0,0,hybrid_low_q1_regular_ridge,低销量指数平滑-常规Ridge混合,very_sparse,1,天气、温度、风力、活动日为历史同月日参考；节假日按2022清明日历设定；低销量组合使用问题一指数平滑，非低销量组合使用综合Ridge
2022-04-04,276,A地双桥路店,11001020,韩国海牌海苔 / 韩国海飘海苔,包装海苔,多云,1,0,0,0,hybrid_low_q1_regular_ridge,低销量指数平滑-常规Ridge混合,very_sparse,1,天气、温度、风力、活动日为历史同月日参考；节假日按2022清明日历设定；低销量组合使用问题一指数平滑，非低销量组合使用综合Ridge
2022-04-04,276,A地双桥路店,11002170,三养辣火鸡味拌面,速食类,多云,1,0,0,0,hybrid_low_q1_regular_ridge,低销量指数平滑-常规Ridge混合,very_sparse,1,天气、温度、风力、活动日为历史同月日参考；节假日按2022清明日历设定；低销量组合使用问题一指数平滑，非低销量组合使用综合Ridge
2022-04-04,276,A地双桥路店,11002561,乡吧哥蜜汁鸡翅,包装散称,多云,1,0,0,0,hybrid_low_q1_regular_ridge,低销量指数平滑-常规Ridge混合,very_sparse,1,天气、温度、风力、活动日为历史同月日参考；节假日按2022清明日历设定；低销量组合使用问题一指数平滑，非低销量组合使用综合Ridge
2022-04-04,276,A地双桥路店,11002605,老板仔香脆海苔卷（原味）,包装海苔,多云,1,0,0,0,hybrid_low_q1_regular_ridge,低销量指数平滑-常规Ridge混合,very_sparse,1,天气、温度、风力、活动日为历史同月日参考；节假日按2022清明日历设定；低销量组合使用问题一指数平滑，非低销量组合使用综合Ridge
2022-04-04,276,A地双桥路店,11005780,大丰古法瓜子,包装坚果,多云,1,0,0,0,hybrid_low_q1_regular_ridge,低销量指数平滑-常规Ridge混合,very_sparse,1,天气、温度、风力、活动日为历史同月日参考；节假日按2022清明日历设定；低销量组合使用问题一指数平滑，非低销量组合使用综合Ridge
2022-04-04,276,A地双桥路店,11008516,李子柒螺蛳粉335g,速食类,多云,1,0,0,0,hybrid_low_q1_regular_ridge,低销量指数平滑-常规Ridge混合,very_sparse,1,天气、温度、风力、活动日为历史同月日参考；节假日按2022清明日历设定；低销量组合使用问题一指数平滑，非低销量组合使用综合Ridge
2022-04-04,276,A地双桥路店,12000134,百事可乐600ml,碳酸饮料,多云,1,0,0,0,hybrid_low_q1_regular_ridge,低销量指数平滑-常规Ridge混合,very_sparse,1,天气、温度、风力、活动日为历史同月日参考；节假日按2022清明日历设定；低销量组合使用问题一指数平滑，非低销量组合使用综合Ridge
2022-04-04,276,A地双桥路店,12000292,红牛,功能饮料,多云,1,0,0,1,hybrid_low_q1_regular_ridge,低销量指数平滑-常规Ridge混合,very_sparse,1,天气、温度、风力、活动日为历史同月日参考；节假日按2022清明日历设定；低销量组合使用问题一指数平滑，非低销量组合使用综合Ridge
2022-04-04,276,A地双桥路店,12001131,旺仔牛奶,乳类饮品,多云,1,0,0,0,hybrid_low_q1_regular_ridge,低销量指数平滑-常规Ridge混合,very_sparse,1,天气、温度、风力、活动日为历史同月日参考；节假日按2022清明日历设定；低销量组合使用问题一指数平滑，非低销量组合使用综合Ridge
2022-04-05,14,C地彩虹南路店,11000405,百事可乐330ml,碳酸饮料,晴,1,0,0,3,hybrid_low_q1_regular_ridge,低销量指数平滑-常规Ridge混合,volatile,0,天气、温度、风力、活动日为历史同月日参考；节假日按2022清明日历设定；低销量组合使用问题一指数平滑，非低销量组合使用综合Ridge
2022-04-05,14,C地彩虹南路店,11001020,韩国海牌海苔 / 韩国海飘海苔,包装海苔,晴,1,0,0,0,hybrid_low_q1_regular_ridge,低销量指数平滑-常规Ridge混合,intermittent,0,天气、温度、风力、活动日为历史同月日参考；节假日按2022清明日历设定；低销量组合使用问题一指数平滑，非低销量组合使用综合Ridge
2022-04-05,14,C地彩虹南路店,11002170,三养辣火鸡味拌面,速食类,晴,1,0,0,0,hybrid_low_q1_regular_ridge,低销量指数平滑-常规Ridge混合,very_sparse,1,天气、温度、风力、活动日为历史同月日参考；节假日按2022清明日历设定；低销量组合使用问题一指数平滑，非低销量组合使用综合Ridge
2022-04-05,14,C地彩虹南路店,11002561,乡吧哥蜜汁鸡翅,包装散称,晴,1,0,0,5,hybrid_low_q1_regular_ridge,低销量指数平滑-常规Ridge混合,volatile,0,天气、温度、风力、活动日为历史同月日参考；节假日按2022清明日历设定；低销量组合使用问题一指数平滑，非低销量组合使用综合Ridge
2022-04-05,14,C地彩虹南路店,11002605,老板仔香脆海苔卷（原味）,包装海苔,晴,1,0,0,0,hybrid_low_q1_regular_ridge,低销量指数平滑-常规Ridge混合,low_volume_intermittent,1,天气、温度、风力、活动日为历史同月日参考；节假日按2022清明日历设定；低销量组合使用问题一指数平滑，非低销量组合使用综合Ridge
2022-04-05,14,C地彩虹南路店,11004973,特仑苏纯牛奶,乳类饮品,晴,1,0,0,0,hybrid_low_q1_regular_ridge,低销量指数平滑-常规Ridge混合,intermittent,0,天气、温度、风力、活动日为历史同月日参考；节假日按2022清明日历设定；低销量组合使用问题一指数平滑，非低销量组合使用综合Ridge
2022-04-05,14,C地彩虹南路店,11005780,大丰古法瓜子,包装坚果,晴,1,0,0,0,hybrid_low_q1_regular_ridge,低销量指数平滑-常规Ridge混合,regular,0,天气、温度、风力、活动日为历史同月日参考；节假日按2022清明日历设定；低销量组合使用问题一指数平滑，非低销量组合使用综合Ridge
2022-04-05,14,C地彩虹南路店,11008516,李子柒螺蛳粉335g,速食类,晴,1,0,0,2,hybrid_low_q1_regular_ridge,低销量指数平滑-常规Ridge混合,low_volume_intermittent,1,天气、温度、风力、活动日为历史同月日参考；节假日按2022清明日历设定；低销量组合使用问题一指数平滑，非低销量组合使用综合Ridge
2022-04-05,14,C地彩虹南路店,11008644,洽洽早餐每日坚果（燕麦片）,包装冲饮,晴,1,0,0,0,hybrid_low_q1_regular_ridge,低销量指数平滑-常规Ridge混合,very_sparse,1,天气、温度、风力、活动日为历史同月日参考；节假日按2022清明日历设定；低销量组合使用问题一指数平滑，非低销量组合使用综合Ridge
2022-04-05,14,C地彩虹南路店,12000134,百事可乐600ml,碳酸饮料,晴,1,0,0,1,hybrid_low_q1_regular_ridge,低销量指数平滑-常规Ridge混合,regular,0,天气、温度、风力、活动日为历史同月日参考；节假日按2022清明日历设定；低销量组合使用问题一指数平滑，非低销量组合使用综合Ridge
2022-04-05,14,C地彩虹南路店,12000292,红牛,功能饮料,晴,1,0,0,6,hybrid_low_q1_regular_ridge,低销量指数平滑-常规Ridge混合,regular,0,天气、温度、风力、活动日为历史同月日参考；节假日按2022清明日历设定；低销量组合使用问题一指数平滑，非低销量组合使用综合Ridge
2022-04-05,14,C地彩虹南路店,12001131,旺仔牛奶,乳类饮品,晴,1,0,0,2,hybrid_low_q1_regular_ridge,低销量指数平滑-常规Ridge混合,intermittent,0,天气、温度、风力、活动日为历史同月日参考；节假日按2022清明日历设定；低销量组合使用问题一指数平滑，非低销量组合使用综合Ridge
2022-04-05,18,A地天九街店,11000405,百事可乐330ml,碳酸饮料,晴,1,0,0,4,hybrid_low_q1_regular_ridge,低销量指数平滑-常规Ridge混合,intermittent,0,天气、温度、风力、活动日为历史同月日参考；节假日按2022清明日历设定；低销量组合使用问题一指数平滑，非低销量组合使用综合Ridge
2022-04-05,18,A地天九街店,11001020,韩国海牌海苔 / 韩国海飘海苔,包装海苔,晴,1,0,0,2,hybrid_low_q1_regular_ridge,低销量指数平滑-常规Ridge混合,intermittent,0,天气、温度、风力、活动日为历史同月日参考；节假日按2022清明日历设定；低销量组合使用问题一指数平滑，非低销量组合使用综合Ridge
2022-04-05,18,A地天九街店,11002170,三养辣火鸡味拌面,速食类,晴,1,0,0,1,hybrid_low_q1_regular_ridge,低销量指数平滑-常规Ridge混合,low_volume_intermittent,1,天气、温度、风力、活动日为历史同月日参考；节假日按2022清明日历设定；低销量组合使用问题一指数平滑，非低销量组合使用综合Ridge
2022-04-05,18,A地天九街店,11002561,乡吧哥蜜汁鸡翅,包装散称,晴,1,0,0,4,hybrid_low_q1_regular_ridge,低销量指数平滑-常规Ridge混合,intermittent,0,天气、温度、风力、活动日为历史同月日参考；节假日按2022清明日历设定；低销量组合使用问题一指数平滑，非低销量组合使用综合Ridge
2022-04-05,18,A地天九街店,11002605,老板仔香脆海苔卷（原味）,包装海苔,晴,1,0,0,1,hybrid_low_q1_regular_ridge,低销量指数平滑-常规Ridge混合,very_sparse,1,天气、温度、风力、活动日为历史同月日参考；节假日按2022清明日历设定；低销量组合使用问题一指数平滑，非低销量组合使用综合Ridge
2022-04-05,18,A地天九街店,11005780,大丰古法瓜子,包装坚果,晴,1,0,0,2,hybrid_low_q1_regular_ridge,低销量指数平滑-常规Ridge混合,intermittent,0,天气、温度、风力、活动日为历史同月日参考；节假日按2022清明日历设定；低销量组合使用问题一指数平滑，非低销量组合使用综合Ridge
2022-04-05,18,A地天九街店,11008516,李子柒螺蛳粉335g,速食类,晴,1,0,0,0,hybrid_low_q1_regular_ridge,低销量指数平滑-常规Ridge混合,very_sparse,1,天气、温度、风力、活动日为历史同月日参考；节假日按2022清明日历设定；低销量组合使用问题一指数平滑，非低销量组合使用综合Ridge
2022-04-05,18,A地天九街店,12000134,百事可乐600ml,碳酸饮料,晴,1,0,0,4,hybrid_low_q1_regular_ridge,低销量指数平滑-常规Ridge混合,intermittent,0,天气、温度、风力、活动日为历史同月日参考；节假日按2022清明日历设定；低销量组合使用问题一指数平滑，非低销量组合使用综合Ridge
2022-04-05,18,A地天九街店,12000292,红牛,功能饮料,晴,1,0,0,15,hybrid_low_q1_regular_ridge,低销量指数平滑-常规Ridge混合,intermittent,0,天气、温度、风力、活动日为历史同月日参考；节假日按2022清明日历设定；低销量组合使用问题一指数平滑，非低销量组合使用综合Ridge
2022-04-05,18,A地天九街店,12001131,旺仔牛奶,乳类饮品,晴,1,0,0,2,hybrid_low_q1_regular_ridge,低销量指数平滑-常规Ridge混合,intermittent,0,天气、温度、风力、活动日为历史同月日参考；节假日按2022清明日历设定；低销量组合使用问题一指数平滑，非低销量组合使用综合Ridge
2022-04-05,23,C地姜山店,11000405,百事可乐330ml,碳酸饮料,晴,1,0,0,2,hybrid_low_q1_regular_ridge,低销量指数平滑-常规Ridge混合,intermittent,0,天气、温度、风力、活动日为历史同月日参考；节假日按2022清明日历设定；低销量组合使用问题一指数平滑，非低销量组合使用综合Ridge
2022-04-05,23,C地姜山店,11001020,韩国海牌海苔 / 韩国海飘海苔,包装海苔,晴,1,0,0,1,hybrid_low_q1_regular_ridge,低销量指数平滑-常规Ridge混合,regular,0,天气、温度、风力、活动日为历史同月日参考；节假日按2022清明日历设定；低销量组合使用问题一指数平滑，非低销量组合使用综合Ridge
2022-04-05,23,C地姜山店,11002170,三养辣火鸡味拌面,速食类,晴,1,0,0,1,hybrid_low_q1_regular_ridge,低销量指数平滑-常规Ridge混合,low_volume_intermittent,1,天气、温度、风力、活动日为历史同月日参考；节假日按2022清明日历设定；低销量组合使用问题一指数平滑，非低销量组合使用综合Ridge
2022-04-05,23,C地姜山店,11002561,乡吧哥蜜汁鸡翅,包装散称,晴,1,0,0,15,hybrid_low_q1_regular_ridge,低销量指数平滑-常规Ridge混合,volatile,0,天气、温度、风力、活动日为历史同月日参考；节假日按2022清明日历设定；低销量组合使用问题一指数平滑，非低销量组合使用综合Ridge
2022-04-05,23,C地姜山店,11002605,老板仔香脆海苔卷（原味）,包装海苔,晴,1,0,0,0,hybrid_low_q1_regular_ridge,低销量指数平滑-常规Ridge混合,intermittent,0,天气、温度、风力、活动日为历史同月日参考；节假日按2022清明日历设定；低销量组合使用问题一指数平滑，非低销量组合使用综合Ridge
2022-04-05,23,C地姜山店,11004973,特仑苏纯牛奶,乳类饮品,晴,1,0,0,0,hybrid_low_q1_regular_ridge,低销量指数平滑-常规Ridge混合,very_sparse,1,天气、温度、风力、活动日为历史同月日参考；节假日按2022清明日历设定；低销量组合使用问题一指数平滑，非低销量组合使用综合Ridge
2022-04-05,23,C地姜山店,11005780,大丰古法瓜子,包装坚果,晴,1,0,0,1,hybrid_low_q1_regular_ridge,低销量指数平滑-常规Ridge混合,regular,0,天气、温度、风力、活动日为历史同月日参考；节假日按2022清明日历设定；低销量组合使用问题一指数平滑，非低销量组合使用综合Ridge
2022-04-05,23,C地姜山店,11008516,李子柒螺蛳粉335g,速食类,晴,1,0,0,1,hybrid_low_q1_regular_ridge,低销量指数平滑-常规Ridge混合,intermittent,0,天气、温度、风力、活动日为历史同月日参考；节假日按2022清明日历设定；低销量组合使用问题一指数平滑，非低销量组合使用综合Ridge
2022-04-05,23,C地姜山店,12000134,百事可乐600ml,碳酸饮料,晴,1,0,0,1,hybrid_low_q1_regular_ridge,低销量指数平滑-常规Ridge混合,regular,0,天气、温度、风力、活动日为历史同月日参考；节假日按2022清明日历设定；低销量组合使用问题一指数平滑，非低销量组合使用综合Ridge
2022-04-05,23,C地姜山店,12000292,红牛,功能饮料,晴,1,0,0,4,hybrid_low_q1_regular_ridge,低销量指数平滑-常规Ridge混合,regular,0,天气、温度、风力、活动日为历史同月日参考；节假日按2022清明日历设定；低销量组合使用问题一指数平滑，非低销量组合使用综合Ridge
2022-04-05,23,C地姜山店,12001131,旺仔牛奶,乳类饮品,晴,1,0,0,1,hybrid_low_q1_regular_ridge,低销量指数平滑-常规Ridge混合,intermittent,0,天气、温度、风力、活动日为历史同月日参考；节假日按2022清明日历设定；低销量组合使用问题一指数平滑，非低销量组合使用综合Ridge
2022-04-05,47,C地桑田路店,11000405,百事可乐330ml,碳酸饮料,晴,1,0,0,2,hybrid_low_q1_regular_ridge,低销量指数平滑-常规Ridge混合,volatile,0,天气、温度、风力、活动日为历史同月日参考；节假日按2022清明日历设定；低销量组合使用问题一指数平滑，非低销量组合使用综合Ridge
2022-04-05,47,C地桑田路店,11001020,韩国海牌海苔 / 韩国海飘海苔,包装海苔,晴,1,0,0,2,hybrid_low_q1_regular_ridge,低销量指数平滑-常规Ridge混合,volatile,0,天气、温度、风力、活动日为历史同月日参考；节假日按2022清明日历设定；低销量组合使用问题一指数平滑，非低销量组合使用综合Ridge
2022-04-05,47,C地桑田路店,11002170,三养辣火鸡味拌面,速食类,晴,1,0,0,1,hybrid_low_q1_regular_ridge,低销量指数平滑-常规Ridge混合,low_volume_intermittent,1,天气、温度、风力、活动日为历史同月日参考；节假日按2022清明日历设定；低销量组合使用问题一指数平滑，非低销量组合使用综合Ridge
2022-04-05,47,C地桑田路店,11002561,乡吧哥蜜汁鸡翅,包装散称,晴,1,0,0,6,hybrid_low_q1_regular_ridge,低销量指数平滑-常规Ridge混合,regular,0,天气、温度、风力、活动日为历史同月日参考；节假日按2022清明日历设定；低销量组合使用问题一指数平滑，非低销量组合使用综合Ridge
2022-04-05,47,C地桑田路店,11002605,老板仔香脆海苔卷（原味）,包装海苔,晴,1,0,0,1,hybrid_low_q1_regular_ridge,低销量指数平滑-常规Ridge混合,intermittent,0,天气、温度、风力、活动日为历史同月日参考；节假日按2022清明日历设定；低销量组合使用问题一指数平滑，非低销量组合使用综合Ridge
2022-04-05,47,C地桑田路店,11005780,大丰古法瓜子,包装坚果,晴,1,0,0,1,hybrid_low_q1_regular_ridge,低销量指数平滑-常规Ridge混合,intermittent,0,天气、温度、风力、活动日为历史同月日参考；节假日按2022清明日历设定；低销量组合使用问题一指数平滑，非低销量组合使用综合Ridge
2022-04-05,47,C地桑田路店,11008516,李子柒螺蛳粉335g,速食类,晴,1,0,0,1,hybrid_low_q1_regular_ridge,低销量指数平滑-常规Ridge混合,low_volume_intermittent,1,天气、温度、风力、活动日为历史同月日参考；节假日按2022清明日历设定；低销量组合使用问题一指数平滑，非低销量组合使用综合Ridge
2022-04-05,47,C地桑田路店,11008644,洽洽早餐每日坚果（燕麦片）,包装冲饮,晴,1,0,0,0,hybrid_low_q1_regular_ridge,低销量指数平滑-常规Ridge混合,very_sparse,1,天气、温度、风力、活动日为历史同月日参考；节假日按2022清明日历设定；低销量组合使用问题一指数平滑，非低销量组合使用综合Ridge
2022-04-05,47,C地桑田路店,12000134,百事可乐600ml,碳酸饮料,晴,1,0,0,3,hybrid_low_q1_regular_ridge,低销量指数平滑-常规Ridge混合,regular,0,天气、温度、风力、活动日为历史同月日参考；节假日按2022清明日历设定；低销量组合使用问题一指数平滑，非低销量组合使用综合Ridge
2022-04-05,47,C地桑田路店,12000292,红牛,功能饮料,晴,1,0,0,4,hybrid_low_q1_regular_ridge,低销量指数平滑-常规Ridge混合,volatile,0,天气、温度、风力、活动日为历史同月日参考；节假日按2022清明日历设定；低销量组合使用问题一指数平滑，非低销量组合使用综合Ridge
2022-04-05,47,C地桑田路店,12001131,旺仔牛奶,乳类饮品,晴,1,0,0,2,hybrid_low_q1_regular_ridge,低销量指数平滑-常规Ridge混合,intermittent,0,天气、温度、风力、活动日为历史同月日参考；节假日按2022清明日历设定；低销量组合使用问题一指数平滑，非低销量组合使用综合Ridge
2022-04-05,69,B地江山店店,11000405,百事可乐330ml,碳酸饮料,晴,1,0,0,3,hybrid_low_q1_regular_ridge,低销量指数平滑-常规Ridge混合,regular,0,天气、温度、风力、活动日为历史同月日参考；节假日按2022清明日历设定；低销量组合使用问题一指数平滑，非低销量组合使用综合Ridge
2022-04-05,69,B地江山店店,11001020,韩国海牌海苔 / 韩国海飘海苔,包装海苔,晴,1,0,0,1,hybrid_low_q1_regular_ridge,低销量指数平滑-常规Ridge混合,intermittent,0,天气、温度、风力、活动日为历史同月日参考；节假日按2022清明日历设定；低销量组合使用问题一指数平滑，非低销量组合使用综合Ridge
2022-04-05,69,B地江山店店,11002170,三养辣火鸡味拌面,速食类,晴,1,0,0,1,hybrid_low_q1_regular_ridge,低销量指数平滑-常规Ridge混合,low_volume_intermittent,1,天气、温度、风力、活动日为历史同月日参考；节假日按2022清明日历设定；低销量组合使用问题一指数平滑，非低销量组合使用综合Ridge
2022-04-05,69,B地江山店店,11002561,乡吧哥蜜汁鸡翅,包装散称,晴,1,0,0,24,hybrid_low_q1_regular_ridge,低销量指数平滑-常规Ridge混合,volatile,0,天气、温度、风力、活动日为历史同月日参考；节假日按2022清明日历设定；低销量组合使用问题一指数平滑，非低销量组合使用综合Ridge
2022-04-05,69,B地江山店店,11002605,老板仔香脆海苔卷（原味）,包装海苔,晴,1,0,0,1,hybrid_low_q1_regular_ridge,低销量指数平滑-常规Ridge混合,intermittent,0,天气、温度、风力、活动日为历史同月日参考；节假日按2022清明日历设定；低销量组合使用问题一指数平滑，非低销量组合使用综合Ridge
2022-04-05,69,B地江山店店,11005780,大丰古法瓜子,包装坚果,晴,1,0,0,2,hybrid_low_q1_regular_ridge,低销量指数平滑-常规Ridge混合,regular,0,天气、温度、风力、活动日为历史同月日参考；节假日按2022清明日历设定；低销量组合使用问题一指数平滑，非低销量组合使用综合Ridge
2022-04-05,69,B地江山店店,11008516,李子柒螺蛳粉335g,速食类,晴,1,0,0,2,hybrid_low_q1_regular_ridge,低销量指数平滑-常规Ridge混合,intermittent,0,天气、温度、风力、活动日为历史同月日参考；节假日按2022清明日历设定；低销量组合使用问题一指数平滑，非低销量组合使用综合Ridge
2022-04-05,69,B地江山店店,11008644,洽洽早餐每日坚果（燕麦片）,包装冲饮,晴,1,0,0,0,hybrid_low_q1_regular_ridge,低销量指数平滑-常规Ridge混合,very_sparse,1,天气、温度、风力、活动日为历史同月日参考；节假日按2022清明日历设定；低销量组合使用问题一指数平滑，非低销量组合使用综合Ridge
2022-04-05,69,B地江山店店,12000134,百事可乐600ml,碳酸饮料,晴,1,0,0,6,hybrid_low_q1_regular_ridge,低销量指数平滑-常规Ridge混合,regular,0,天气、温度、风力、活动日为历史同月日参考；节假日按2022清明日历设定；低销量组合使用问题一指数平滑，非低销量组合使用综合Ridge
2022-04-05,69,B地江山店店,12000292,红牛,功能饮料,晴,1,0,0,7,hybrid_low_q1_regular_ridge,低销量指数平滑-常规Ridge混合,volatile,0,天气、温度、风力、活动日为历史同月日参考；节假日按2022清明日历设定；低销量组合使用问题一指数平滑，非低销量组合使用综合Ridge
2022-04-05,69,B地江山店店,12001131,旺仔牛奶,乳类饮品,晴,1,0,0,2,hybrid_low_q1_regular_ridge,低销量指数平滑-常规Ridge混合,volatile,0,天气、温度、风力、活动日为历史同月日参考；节假日按2022清明日历设定；低销量组合使用问题一指数平滑，非低销量组合使用综合Ridge
2022-04-05,178,C地五乡镇店,11000405,百事可乐330ml,碳酸饮料,晴,1,0,0,5,hybrid_low_q1_regular_ridge,低销量指数平滑-常规Ridge混合,low_volume_intermittent,1,天气、温度、风力、活动日为历史同月日参考；节假日按2022清明日历设定；低销量组合使用问题一指数平滑，非低销量组合使用综合Ridge
2022-04-05,178,C地五乡镇店,11001020,韩国海牌海苔 / 韩国海飘海苔,包装海苔,晴,1,0,0,1,hybrid_low_q1_regular_ridge,低销量指数平滑-常规Ridge混合,intermittent,0,天气、温度、风力、活动日为历史同月日参考；节假日按2022清明日历设定；低销量组合使用问题一指数平滑，非低销量组合使用综合Ridge
2022-04-05,178,C地五乡镇店,11002170,三养辣火鸡味拌面,速食类,晴,1,0,0,1,hybrid_low_q1_regular_ridge,低销量指数平滑-常规Ridge混合,intermittent,0,天气、温度、风力、活动日为历史同月日参考；节假日按2022清明日历设定；低销量组合使用问题一指数平滑，非低销量组合使用综合Ridge
2022-04-05,178,C地五乡镇店,11002561,乡吧哥蜜汁鸡翅,包装散称,晴,1,0,0,9,hybrid_low_q1_regular_ridge,低销量指数平滑-常规Ridge混合,intermittent,0,天气、温度、风力、活动日为历史同月日参考；节假日按2022清明日历设定；低销量组合使用问题一指数平滑，非低销量组合使用综合Ridge
2022-04-05,178,C地五乡镇店,11002605,老板仔香脆海苔卷（原味）,包装海苔,晴,1,0,0,0,hybrid_low_q1_regular_ridge,低销量指数平滑-常规Ridge混合,very_sparse,1,天气、温度、风力、活动日为历史同月日参考；节假日按2022清明日历设定；低销量组合使用问题一指数平滑，非低销量组合使用综合Ridge
2022-04-05,178,C地五乡镇店,11004973,特仑苏纯牛奶,乳类饮品,晴,1,0,0,0,hybrid_low_q1_regular_ridge,低销量指数平滑-常规Ridge混合,very_sparse,1,天气、温度、风力、活动日为历史同月日参考；节假日按2022清明日历设定；低销量组合使用问题一指数平滑，非低销量组合使用综合Ridge
2022-04-05,178,C地五乡镇店,11005780,大丰古法瓜子,包装坚果,晴,1,0,0,1,hybrid_low_q1_regular_ridge,低销量指数平滑-常规Ridge混合,low_volume_intermittent,1,天气、温度、风力、活动日为历史同月日参考；节假日按2022清明日历设定；低销量组合使用问题一指数平滑，非低销量组合使用综合Ridge
2022-04-05,178,C地五乡镇店,11008516,李子柒螺蛳粉335g,速食类,晴,1,0,0,2,hybrid_low_q1_regular_ridge,低销量指数平滑-常规Ridge混合,intermittent,0,天气、温度、风力、活动日为历史同月日参考；节假日按2022清明日历设定；低销量组合使用问题一指数平滑，非低销量组合使用综合Ridge
2022-04-05,178,C地五乡镇店,12000134,百事可乐600ml,碳酸饮料,晴,1,0,0,3,hybrid_low_q1_regular_ridge,低销量指数平滑-常规Ridge混合,intermittent,0,天气、温度、风力、活动日为历史同月日参考；节假日按2022清明日历设定；低销量组合使用问题一指数平滑，非低销量组合使用综合Ridge
2022-04-05,178,C地五乡镇店,12000292,红牛,功能饮料,晴,1,0,0,17,hybrid_low_q1_regular_ridge,低销量指数平滑-常规Ridge混合,volatile,0,天气、温度、风力、活动日为历史同月日参考；节假日按2022清明日历设定；低销量组合使用问题一指数平滑，非低销量组合使用综合Ridge
2022-04-05,178,C地五乡镇店,12001131,旺仔牛奶,乳类饮品,晴,1,0,0,4,hybrid_low_q1_regular_ridge,低销量指数平滑-常规Ridge混合,intermittent,0,天气、温度、风力、活动日为历史同月日参考；节假日按2022清明日历设定；低销量组合使用问题一指数平滑，非低销量组合使用综合Ridge
2022-04-05,276,A地双桥路店,11000405,百事可乐330ml,碳酸饮料,晴,1,0,0,0,hybrid_low_q1_regular_ridge,低销量指数平滑-常规Ridge混合,very_sparse,1,天气、温度、风力、活动日为历史同月日参考；节假日按2022清明日历设定；低销量组合使用问题一指数平滑，非低销量组合使用综合Ridge
2022-04-05,276,A地双桥路店,11001020,韩国海牌海苔 / 韩国海飘海苔,包装海苔,晴,1,0,0,0,hybrid_low_q1_regular_ridge,低销量指数平滑-常规Ridge混合,very_sparse,1,天气、温度、风力、活动日为历史同月日参考；节假日按2022清明日历设定；低销量组合使用问题一指数平滑，非低销量组合使用综合Ridge
2022-04-05,276,A地双桥路店,11002170,三养辣火鸡味拌面,速食类,晴,1,0,0,0,hybrid_low_q1_regular_ridge,低销量指数平滑-常规Ridge混合,very_sparse,1,天气、温度、风力、活动日为历史同月日参考；节假日按2022清明日历设定；低销量组合使用问题一指数平滑，非低销量组合使用综合Ridge
2022-04-05,276,A地双桥路店,11002561,乡吧哥蜜汁鸡翅,包装散称,晴,1,0,0,0,hybrid_low_q1_regular_ridge,低销量指数平滑-常规Ridge混合,very_sparse,1,天气、温度、风力、活动日为历史同月日参考；节假日按2022清明日历设定；低销量组合使用问题一指数平滑，非低销量组合使用综合Ridge
2022-04-05,276,A地双桥路店,11002605,老板仔香脆海苔卷（原味）,包装海苔,晴,1,0,0,0,hybrid_low_q1_regular_ridge,低销量指数平滑-常规Ridge混合,very_sparse,1,天气、温度、风力、活动日为历史同月日参考；节假日按2022清明日历设定；低销量组合使用问题一指数平滑，非低销量组合使用综合Ridge
2022-04-05,276,A地双桥路店,11005780,大丰古法瓜子,包装坚果,晴,1,0,0,0,hybrid_low_q1_regular_ridge,低销量指数平滑-常规Ridge混合,very_sparse,1,天气、温度、风力、活动日为历史同月日参考；节假日按2022清明日历设定；低销量组合使用问题一指数平滑，非低销量组合使用综合Ridge
2022-04-05,276,A地双桥路店,11008516,李子柒螺蛳粉335g,速食类,晴,1,0,0,0,hybrid_low_q1_regular_ridge,低销量指数平滑-常规Ridge混合,very_sparse,1,天气、温度、风力、活动日为历史同月日参考；节假日按2022清明日历设定；低销量组合使用问题一指数平滑，非低销量组合使用综合Ridge
2022-04-05,276,A地双桥路店,12000134,百事可乐600ml,碳酸饮料,晴,1,0,0,0,hybrid_low_q1_regular_ridge,低销量指数平滑-常规Ridge混合,very_sparse,1,天气、温度、风力、活动日为历史同月日参考；节假日按2022清明日历设定；低销量组合使用问题一指数平滑，非低销量组合使用综合Ridge
2022-04-05,276,A地双桥路店,12000292,红牛,功能饮料,晴,1,0,0,1,hybrid_low_q1_regular_ridge,低销量指数平滑-常规Ridge混合,very_sparse,1,天气、温度、风力、活动日为历史同月日参考；节假日按2022清明日历设定；低销量组合使用问题一指数平滑，非低销量组合使用综合Ridge
2022-04-05,276,A地双桥路店,12001131,旺仔牛奶,乳类饮品,晴,1,0,0,0,hybrid_low_q1_regular_ridge,低销量指数平滑-常规Ridge混合,very_sparse,1,天气、温度、风力、活动日为历史同月日参考；节假日按2022清明日历设定；低销量组合使用问题一指数平滑，非低销量组合使用综合Ridge
2022-04-06,14,C地彩虹南路店,11000405,百事可乐330ml,碳酸饮料,多云,0,0,0,3,hybrid_low_q1_regular_ridge,低销量指数平滑-常规Ridge混合,volatile,0,天气、温度、风力、活动日为历史同月日参考；节假日按2022清明日历设定；低销量组合使用问题一指数平滑，非低销量组合使用综合Ridge
2022-04-06,14,C地彩虹南路店,11001020,韩国海牌海苔 / 韩国海飘海苔,包装海苔,多云,0,0,0,0,hybrid_low_q1_regular_ridge,低销量指数平滑-常规Ridge混合,intermittent,0,天气、温度、风力、活动日为历史同月日参考；节假日按2022清明日历设定；低销量组合使用问题一指数平滑，非低销量组合使用综合Ridge
2022-04-06,14,C地彩虹南路店,11002170,三养辣火鸡味拌面,速食类,多云,0,0,0,0,hybrid_low_q1_regular_ridge,低销量指数平滑-常规Ridge混合,very_sparse,1,天气、温度、风力、活动日为历史同月日参考；节假日按2022清明日历设定；低销量组合使用问题一指数平滑，非低销量组合使用综合Ridge
2022-04-06,14,C地彩虹南路店,11002561,乡吧哥蜜汁鸡翅,包装散称,多云,0,0,0,5,hybrid_low_q1_regular_ridge,低销量指数平滑-常规Ridge混合,volatile,0,天气、温度、风力、活动日为历史同月日参考；节假日按2022清明日历设定；低销量组合使用问题一指数平滑，非低销量组合使用综合Ridge
2022-04-06,14,C地彩虹南路店,11002605,老板仔香脆海苔卷（原味）,包装海苔,多云,0,0,0,0,hybrid_low_q1_regular_ridge,低销量指数平滑-常规Ridge混合,low_volume_intermittent,1,天气、温度、风力、活动日为历史同月日参考；节假日按2022清明日历设定；低销量组合使用问题一指数平滑，非低销量组合使用综合Ridge
2022-04-06,14,C地彩虹南路店,11004973,特仑苏纯牛奶,乳类饮品,多云,0,0,0,0,hybrid_low_q1_regular_ridge,低销量指数平滑-常规Ridge混合,intermittent,0,天气、温度、风力、活动日为历史同月日参考；节假日按2022清明日历设定；低销量组合使用问题一指数平滑，非低销量组合使用综合Ridge
2022-04-06,14,C地彩虹南路店,11005780,大丰古法瓜子,包装坚果,多云,0,0,0,0,hybrid_low_q1_regular_ridge,低销量指数平滑-常规Ridge混合,regular,0,天气、温度、风力、活动日为历史同月日参考；节假日按2022清明日历设定；低销量组合使用问题一指数平滑，非低销量组合使用综合Ridge
2022-04-06,14,C地彩虹南路店,11008516,李子柒螺蛳粉335g,速食类,多云,0,0,0,2,hybrid_low_q1_regular_ridge,低销量指数平滑-常规Ridge混合,low_volume_intermittent,1,天气、温度、风力、活动日为历史同月日参考；节假日按2022清明日历设定；低销量组合使用问题一指数平滑，非低销量组合使用综合Ridge
2022-04-06,14,C地彩虹南路店,11008644,洽洽早餐每日坚果（燕麦片）,包装冲饮,多云,0,0,0,0,hybrid_low_q1_regular_ridge,低销量指数平滑-常规Ridge混合,very_sparse,1,天气、温度、风力、活动日为历史同月日参考；节假日按2022清明日历设定；低销量组合使用问题一指数平滑，非低销量组合使用综合Ridge
2022-04-06,14,C地彩虹南路店,12000134,百事可乐600ml,碳酸饮料,多云,0,0,0,1,hybrid_low_q1_regular_ridge,低销量指数平滑-常规Ridge混合,regular,0,天气、温度、风力、活动日为历史同月日参考；节假日按2022清明日历设定；低销量组合使用问题一指数平滑，非低销量组合使用综合Ridge
2022-04-06,14,C地彩虹南路店,12000292,红牛,功能饮料,多云,0,0,0,6,hybrid_low_q1_regular_ridge,低销量指数平滑-常规Ridge混合,regular,0,天气、温度、风力、活动日为历史同月日参考；节假日按2022清明日历设定；低销量组合使用问题一指数平滑，非低销量组合使用综合Ridge
2022-04-06,14,C地彩虹南路店,12001131,旺仔牛奶,乳类饮品,多云,0,0,0,2,hybrid_low_q1_regular_ridge,低销量指数平滑-常规Ridge混合,intermittent,0,天气、温度、风力、活动日为历史同月日参考；节假日按2022清明日历设定；低销量组合使用问题一指数平滑，非低销量组合使用综合Ridge
2022-04-06,18,A地天九街店,11000405,百事可乐330ml,碳酸饮料,多云,0,0,0,4,hybrid_low_q1_regular_ridge,低销量指数平滑-常规Ridge混合,intermittent,0,天气、温度、风力、活动日为历史同月日参考；节假日按2022清明日历设定；低销量组合使用问题一指数平滑，非低销量组合使用综合Ridge
2022-04-06,18,A地天九街店,11001020,韩国海牌海苔 / 韩国海飘海苔,包装海苔,多云,0,0,0,2,hybrid_low_q1_regular_ridge,低销量指数平滑-常规Ridge混合,intermittent,0,天气、温度、风力、活动日为历史同月日参考；节假日按2022清明日历设定；低销量组合使用问题一指数平滑，非低销量组合使用综合Ridge
2022-04-06,18,A地天九街店,11002170,三养辣火鸡味拌面,速食类,多云,0,0,0,1,hybrid_low_q1_regular_ridge,低销量指数平滑-常规Ridge混合,low_volume_intermittent,1,天气、温度、风力、活动日为历史同月日参考；节假日按2022清明日历设定；低销量组合使用问题一指数平滑，非低销量组合使用综合Ridge
2022-04-06,18,A地天九街店,11002561,乡吧哥蜜汁鸡翅,包装散称,多云,0,0,0,4,hybrid_low_q1_regular_ridge,低销量指数平滑-常规Ridge混合,intermittent,0,天气、温度、风力、活动日为历史同月日参考；节假日按2022清明日历设定；低销量组合使用问题一指数平滑，非低销量组合使用综合Ridge
2022-04-06,18,A地天九街店,11002605,老板仔香脆海苔卷（原味）,包装海苔,多云,0,0,0,1,hybrid_low_q1_regular_ridge,低销量指数平滑-常规Ridge混合,very_sparse,1,天气、温度、风力、活动日为历史同月日参考；节假日按2022清明日历设定；低销量组合使用问题一指数平滑，非低销量组合使用综合Ridge
2022-04-06,18,A地天九街店,11005780,大丰古法瓜子,包装坚果,多云,0,0,0,2,hybrid_low_q1_regular_ridge,低销量指数平滑-常规Ridge混合,intermittent,0,天气、温度、风力、活动日为历史同月日参考；节假日按2022清明日历设定；低销量组合使用问题一指数平滑，非低销量组合使用综合Ridge
2022-04-06,18,A地天九街店,11008516,李子柒螺蛳粉335g,速食类,多云,0,0,0,0,hybrid_low_q1_regular_ridge,低销量指数平滑-常规Ridge混合,very_sparse,1,天气、温度、风力、活动日为历史同月日参考；节假日按2022清明日历设定；低销量组合使用问题一指数平滑，非低销量组合使用综合Ridge
2022-04-06,18,A地天九街店,12000134,百事可乐600ml,碳酸饮料,多云,0,0,0,3,hybrid_low_q1_regular_ridge,低销量指数平滑-常规Ridge混合,intermittent,0,天气、温度、风力、活动日为历史同月日参考；节假日按2022清明日历设定；低销量组合使用问题一指数平滑，非低销量组合使用综合Ridge
2022-04-06,18,A地天九街店,12000292,红牛,功能饮料,多云,0,0,0,15,hybrid_low_q1_regular_ridge,低销量指数平滑-常规Ridge混合,intermittent,0,天气、温度、风力、活动日为历史同月日参考；节假日按2022清明日历设定；低销量组合使用问题一指数平滑，非低销量组合使用综合Ridge
2022-04-06,18,A地天九街店,12001131,旺仔牛奶,乳类饮品,多云,0,0,0,2,hybrid_low_q1_regular_ridge,低销量指数平滑-常规Ridge混合,intermittent,0,天气、温度、风力、活动日为历史同月日参考；节假日按2022清明日历设定；低销量组合使用问题一指数平滑，非低销量组合使用综合Ridge
2022-04-06,23,C地姜山店,11000405,百事可乐330ml,碳酸饮料,多云,0,0,0,2,hybrid_low_q1_regular_ridge,低销量指数平滑-常规Ridge混合,intermittent,0,天气、温度、风力、活动日为历史同月日参考；节假日按2022清明日历设定；低销量组合使用问题一指数平滑，非低销量组合使用综合Ridge
2022-04-06,23,C地姜山店,11001020,韩国海牌海苔 / 韩国海飘海苔,包装海苔,多云,0,0,0,0,hybrid_low_q1_regular_ridge,低销量指数平滑-常规Ridge混合,regular,0,天气、温度、风力、活动日为历史同月日参考；节假日按2022清明日历设定；低销量组合使用问题一指数平滑，非低销量组合使用综合Ridge
2022-04-06,23,C地姜山店,11002170,三养辣火鸡味拌面,速食类,多云,0,0,0,1,hybrid_low_q1_regular_ridge,低销量指数平滑-常规Ridge混合,low_volume_intermittent,1,天气、温度、风力、活动日为历史同月日参考；节假日按2022清明日历设定；低销量组合使用问题一指数平滑，非低销量组合使用综合Ridge
2022-04-06,23,C地姜山店,11002561,乡吧哥蜜汁鸡翅,包装散称,多云,0,0,0,16,hybrid_low_q1_regular_ridge,低销量指数平滑-常规Ridge混合,volatile,0,天气、温度、风力、活动日为历史同月日参考；节假日按2022清明日历设定；低销量组合使用问题一指数平滑，非低销量组合使用综合Ridge
2022-04-06,23,C地姜山店,11002605,老板仔香脆海苔卷（原味）,包装海苔,多云,0,0,0,0,hybrid_low_q1_regular_ridge,低销量指数平滑-常规Ridge混合,intermittent,0,天气、温度、风力、活动日为历史同月日参考；节假日按2022清明日历设定；低销量组合使用问题一指数平滑，非低销量组合使用综合Ridge
2022-04-06,23,C地姜山店,11004973,特仑苏纯牛奶,乳类饮品,多云,0,0,0,0,hybrid_low_q1_regular_ridge,低销量指数平滑-常规Ridge混合,very_sparse,1,天气、温度、风力、活动日为历史同月日参考；节假日按2022清明日历设定；低销量组合使用问题一指数平滑，非低销量组合使用综合Ridge
2022-04-06,23,C地姜山店,11005780,大丰古法瓜子,包装坚果,多云,0,0,0,1,hybrid_low_q1_regular_ridge,低销量指数平滑-常规Ridge混合,regular,0,天气、温度、风力、活动日为历史同月日参考；节假日按2022清明日历设定；低销量组合使用问题一指数平滑，非低销量组合使用综合Ridge
2022-04-06,23,C地姜山店,11008516,李子柒螺蛳粉335g,速食类,多云,0,0,0,1,hybrid_low_q1_regular_ridge,低销量指数平滑-常规Ridge混合,intermittent,0,天气、温度、风力、活动日为历史同月日参考；节假日按2022清明日历设定；低销量组合使用问题一指数平滑，非低销量组合使用综合Ridge
2022-04-06,23,C地姜山店,12000134,百事可乐600ml,碳酸饮料,多云,0,0,0,1,hybrid_low_q1_regular_ridge,低销量指数平滑-常规Ridge混合,regular,0,天气、温度、风力、活动日为历史同月日参考；节假日按2022清明日历设定；低销量组合使用问题一指数平滑，非低销量组合使用综合Ridge
2022-04-06,23,C地姜山店,12000292,红牛,功能饮料,多云,0,0,0,4,hybrid_low_q1_regular_ridge,低销量指数平滑-常规Ridge混合,regular,0,天气、温度、风力、活动日为历史同月日参考；节假日按2022清明日历设定；低销量组合使用问题一指数平滑，非低销量组合使用综合Ridge
2022-04-06,23,C地姜山店,12001131,旺仔牛奶,乳类饮品,多云,0,0,0,1,hybrid_low_q1_regular_ridge,低销量指数平滑-常规Ridge混合,intermittent,0,天气、温度、风力、活动日为历史同月日参考；节假日按2022清明日历设定；低销量组合使用问题一指数平滑，非低销量组合使用综合Ridge
2022-04-06,47,C地桑田路店,11000405,百事可乐330ml,碳酸饮料,多云,0,0,0,2,hybrid_low_q1_regular_ridge,低销量指数平滑-常规Ridge混合,volatile,0,天气、温度、风力、活动日为历史同月日参考；节假日按2022清明日历设定；低销量组合使用问题一指数平滑，非低销量组合使用综合Ridge
2022-04-06,47,C地桑田路店,11001020,韩国海牌海苔 / 韩国海飘海苔,包装海苔,多云,0,0,0,2,hybrid_low_q1_regular_ridge,低销量指数平滑-常规Ridge混合,volatile,0,天气、温度、风力、活动日为历史同月日参考；节假日按2022清明日历设定；低销量组合使用问题一指数平滑，非低销量组合使用综合Ridge
2022-04-06,47,C地桑田路店,11002170,三养辣火鸡味拌面,速食类,多云,0,0,0,1,hybrid_low_q1_regular_ridge,低销量指数平滑-常规Ridge混合,low_volume_intermittent,1,天气、温度、风力、活动日为历史同月日参考；节假日按2022清明日历设定；低销量组合使用问题一指数平滑，非低销量组合使用综合Ridge
2022-04-06,47,C地桑田路店,11002561,乡吧哥蜜汁鸡翅,包装散称,多云,0,0,0,6,hybrid_low_q1_regular_ridge,低销量指数平滑-常规Ridge混合,regular,0,天气、温度、风力、活动日为历史同月日参考；节假日按2022清明日历设定；低销量组合使用问题一指数平滑，非低销量组合使用综合Ridge
2022-04-06,47,C地桑田路店,11002605,老板仔香脆海苔卷（原味）,包装海苔,多云,0,0,0,1,hybrid_low_q1_regular_ridge,低销量指数平滑-常规Ridge混合,intermittent,0,天气、温度、风力、活动日为历史同月日参考；节假日按2022清明日历设定；低销量组合使用问题一指数平滑，非低销量组合使用综合Ridge
2022-04-06,47,C地桑田路店,11005780,大丰古法瓜子,包装坚果,多云,0,0,0,1,hybrid_low_q1_regular_ridge,低销量指数平滑-常规Ridge混合,intermittent,0,天气、温度、风力、活动日为历史同月日参考；节假日按2022清明日历设定；低销量组合使用问题一指数平滑，非低销量组合使用综合Ridge
2022-04-06,47,C地桑田路店,11008516,李子柒螺蛳粉335g,速食类,多云,0,0,0,1,hybrid_low_q1_regular_ridge,低销量指数平滑-常规Ridge混合,low_volume_intermittent,1,天气、温度、风力、活动日为历史同月日参考；节假日按2022清明日历设定；低销量组合使用问题一指数平滑，非低销量组合使用综合Ridge
2022-04-06,47,C地桑田路店,11008644,洽洽早餐每日坚果（燕麦片）,包装冲饮,多云,0,0,0,0,hybrid_low_q1_regular_ridge,低销量指数平滑-常规Ridge混合,very_sparse,1,天气、温度、风力、活动日为历史同月日参考；节假日按2022清明日历设定；低销量组合使用问题一指数平滑，非低销量组合使用综合Ridge
2022-04-06,47,C地桑田路店,12000134,百事可乐600ml,碳酸饮料,多云,0,0,0,2,hybrid_low_q1_regular_ridge,低销量指数平滑-常规Ridge混合,regular,0,天气、温度、风力、活动日为历史同月日参考；节假日按2022清明日历设定；低销量组合使用问题一指数平滑，非低销量组合使用综合Ridge
2022-04-06,47,C地桑田路店,12000292,红牛,功能饮料,多云,0,0,0,4,hybrid_low_q1_regular_ridge,低销量指数平滑-常规Ridge混合,volatile,0,天气、温度、风力、活动日为历史同月日参考；节假日按2022清明日历设定；低销量组合使用问题一指数平滑，非低销量组合使用综合Ridge
2022-04-06,47,C地桑田路店,12001131,旺仔牛奶,乳类饮品,多云,0,0,0,2,hybrid_low_q1_regular_ridge,低销量指数平滑-常规Ridge混合,intermittent,0,天气、温度、风力、活动日为历史同月日参考；节假日按2022清明日历设定；低销量组合使用问题一指数平滑，非低销量组合使用综合Ridge
2022-04-06,69,B地江山店店,11000405,百事可乐330ml,碳酸饮料,多云,0,0,0,3,hybrid_low_q1_regular_ridge,低销量指数平滑-常规Ridge混合,regular,0,天气、温度、风力、活动日为历史同月日参考；节假日按2022清明日历设定；低销量组合使用问题一指数平滑，非低销量组合使用综合Ridge
2022-04-06,69,B地江山店店,11001020,韩国海牌海苔 / 韩国海飘海苔,包装海苔,多云,0,0,0,1,hybrid_low_q1_regular_ridge,低销量指数平滑-常规Ridge混合,intermittent,0,天气、温度、风力、活动日为历史同月日参考；节假日按2022清明日历设定；低销量组合使用问题一指数平滑，非低销量组合使用综合Ridge
2022-04-06,69,B地江山店店,11002170,三养辣火鸡味拌面,速食类,多云,0,0,0,1,hybrid_low_q1_regular_ridge,低销量指数平滑-常规Ridge混合,low_volume_intermittent,1,天气、温度、风力、活动日为历史同月日参考；节假日按2022清明日历设定；低销量组合使用问题一指数平滑，非低销量组合使用综合Ridge
2022-04-06,69,B地江山店店,11002561,乡吧哥蜜汁鸡翅,包装散称,多云,0,0,0,23,hybrid_low_q1_regular_ridge,低销量指数平滑-常规Ridge混合,volatile,0,天气、温度、风力、活动日为历史同月日参考；节假日按2022清明日历设定；低销量组合使用问题一指数平滑，非低销量组合使用综合Ridge
2022-04-06,69,B地江山店店,11002605,老板仔香脆海苔卷（原味）,包装海苔,多云,0,0,0,1,hybrid_low_q1_regular_ridge,低销量指数平滑-常规Ridge混合,intermittent,0,天气、温度、风力、活动日为历史同月日参考；节假日按2022清明日历设定；低销量组合使用问题一指数平滑，非低销量组合使用综合Ridge
2022-04-06,69,B地江山店店,11005780,大丰古法瓜子,包装坚果,多云,0,0,0,2,hybrid_low_q1_regular_ridge,低销量指数平滑-常规Ridge混合,regular,0,天气、温度、风力、活动日为历史同月日参考；节假日按2022清明日历设定；低销量组合使用问题一指数平滑，非低销量组合使用综合Ridge
2022-04-06,69,B地江山店店,11008516,李子柒螺蛳粉335g,速食类,多云,0,0,0,1,hybrid_low_q1_regular_ridge,低销量指数平滑-常规Ridge混合,intermittent,0,天气、温度、风力、活动日为历史同月日参考；节假日按2022清明日历设定；低销量组合使用问题一指数平滑，非低销量组合使用综合Ridge
2022-04-06,69,B地江山店店,11008644,洽洽早餐每日坚果（燕麦片）,包装冲饮,多云,0,0,0,0,hybrid_low_q1_regular_ridge,低销量指数平滑-常规Ridge混合,very_sparse,1,天气、温度、风力、活动日为历史同月日参考；节假日按2022清明日历设定；低销量组合使用问题一指数平滑，非低销量组合使用综合Ridge
2022-04-06,69,B地江山店店,12000134,百事可乐600ml,碳酸饮料,多云,0,0,0,5,hybrid_low_q1_regular_ridge,低销量指数平滑-常规Ridge混合,regular,0,天气、温度、风力、活动日为历史同月日参考；节假日按2022清明日历设定；低销量组合使用问题一指数平滑，非低销量组合使用综合Ridge
2022-04-06,69,B地江山店店,12000292,红牛,功能饮料,多云,0,0,0,6,hybrid_low_q1_regular_ridge,低销量指数平滑-常规Ridge混合,volatile,0,天气、温度、风力、活动日为历史同月日参考；节假日按2022清明日历设定；低销量组合使用问题一指数平滑，非低销量组合使用综合Ridge
2022-04-06,69,B地江山店店,12001131,旺仔牛奶,乳类饮品,多云,0,0,0,2,hybrid_low_q1_regular_ridge,低销量指数平滑-常规Ridge混合,volatile,0,天气、温度、风力、活动日为历史同月日参考；节假日按2022清明日历设定；低销量组合使用问题一指数平滑，非低销量组合使用综合Ridge
2022-04-06,178,C地五乡镇店,11000405,百事可乐330ml,碳酸饮料,多云,0,0,0,5,hybrid_low_q1_regular_ridge,低销量指数平滑-常规Ridge混合,low_volume_intermittent,1,天气、温度、风力、活动日为历史同月日参考；节假日按2022清明日历设定；低销量组合使用问题一指数平滑，非低销量组合使用综合Ridge
2022-04-06,178,C地五乡镇店,11001020,韩国海牌海苔 / 韩国海飘海苔,包装海苔,多云,0,0,0,1,hybrid_low_q1_regular_ridge,低销量指数平滑-常规Ridge混合,intermittent,0,天气、温度、风力、活动日为历史同月日参考；节假日按2022清明日历设定；低销量组合使用问题一指数平滑，非低销量组合使用综合Ridge
2022-04-06,178,C地五乡镇店,11002170,三养辣火鸡味拌面,速食类,多云,0,0,0,1,hybrid_low_q1_regular_ridge,低销量指数平滑-常规Ridge混合,intermittent,0,天气、温度、风力、活动日为历史同月日参考；节假日按2022清明日历设定；低销量组合使用问题一指数平滑，非低销量组合使用综合Ridge
2022-04-06,178,C地五乡镇店,11002561,乡吧哥蜜汁鸡翅,包装散称,多云,0,0,0,10,hybrid_low_q1_regular_ridge,低销量指数平滑-常规Ridge混合,intermittent,0,天气、温度、风力、活动日为历史同月日参考；节假日按2022清明日历设定；低销量组合使用问题一指数平滑，非低销量组合使用综合Ridge
2022-04-06,178,C地五乡镇店,11002605,老板仔香脆海苔卷（原味）,包装海苔,多云,0,0,0,0,hybrid_low_q1_regular_ridge,低销量指数平滑-常规Ridge混合,very_sparse,1,天气、温度、风力、活动日为历史同月日参考；节假日按2022清明日历设定；低销量组合使用问题一指数平滑，非低销量组合使用综合Ridge
2022-04-06,178,C地五乡镇店,11004973,特仑苏纯牛奶,乳类饮品,多云,0,0,0,0,hybrid_low_q1_regular_ridge,低销量指数平滑-常规Ridge混合,very_sparse,1,天气、温度、风力、活动日为历史同月日参考；节假日按2022清明日历设定；低销量组合使用问题一指数平滑，非低销量组合使用综合Ridge
2022-04-06,178,C地五乡镇店,11005780,大丰古法瓜子,包装坚果,多云,0,0,0,1,hybrid_low_q1_regular_ridge,低销量指数平滑-常规Ridge混合,low_volume_intermittent,1,天气、温度、风力、活动日为历史同月日参考；节假日按2022清明日历设定；低销量组合使用问题一指数平滑，非低销量组合使用综合Ridge
2022-04-06,178,C地五乡镇店,11008516,李子柒螺蛳粉335g,速食类,多云,0,0,0,2,hybrid_low_q1_regular_ridge,低销量指数平滑-常规Ridge混合,intermittent,0,天气、温度、风力、活动日为历史同月日参考；节假日按2022清明日历设定；低销量组合使用问题一指数平滑，非低销量组合使用综合Ridge
2022-04-06,178,C地五乡镇店,12000134,百事可乐600ml,碳酸饮料,多云,0,0,0,3,hybrid_low_q1_regular_ridge,低销量指数平滑-常规Ridge混合,intermittent,0,天气、温度、风力、活动日为历史同月日参考；节假日按2022清明日历设定；低销量组合使用问题一指数平滑，非低销量组合使用综合Ridge
2022-04-06,178,C地五乡镇店,12000292,红牛,功能饮料,多云,0,0,0,17,hybrid_low_q1_regular_ridge,低销量指数平滑-常规Ridge混合,volatile,0,天气、温度、风力、活动日为历史同月日参考；节假日按2022清明日历设定；低销量组合使用问题一指数平滑，非低销量组合使用综合Ridge
2022-04-06,178,C地五乡镇店,12001131,旺仔牛奶,乳类饮品,多云,0,0,0,4,hybrid_low_q1_regular_ridge,低销量指数平滑-常规Ridge混合,intermittent,0,天气、温度、风力、活动日为历史同月日参考；节假日按2022清明日历设定；低销量组合使用问题一指数平滑，非低销量组合使用综合Ridge
2022-04-06,276,A地双桥路店,11000405,百事可乐330ml,碳酸饮料,多云,0,0,0,0,hybrid_low_q1_regular_ridge,低销量指数平滑-常规Ridge混合,very_sparse,1,天气、温度、风力、活动日为历史同月日参考；节假日按2022清明日历设定；低销量组合使用问题一指数平滑，非低销量组合使用综合Ridge
2022-04-06,276,A地双桥路店,11001020,韩国海牌海苔 / 韩国海飘海苔,包装海苔,多云,0,0,0,0,hybrid_low_q1_regular_ridge,低销量指数平滑-常规Ridge混合,very_sparse,1,天气、温度、风力、活动日为历史同月日参考；节假日按2022清明日历设定；低销量组合使用问题一指数平滑，非低销量组合使用综合Ridge
2022-04-06,276,A地双桥路店,11002170,三养辣火鸡味拌面,速食类,多云,0,0,0,0,hybrid_low_q1_regular_ridge,低销量指数平滑-常规Ridge混合,very_sparse,1,天气、温度、风力、活动日为历史同月日参考；节假日按2022清明日历设定；低销量组合使用问题一指数平滑，非低销量组合使用综合Ridge
2022-04-06,276,A地双桥路店,11002561,乡吧哥蜜汁鸡翅,包装散称,多云,0,0,0,0,hybrid_low_q1_regular_ridge,低销量指数平滑-常规Ridge混合,very_sparse,1,天气、温度、风力、活动日为历史同月日参考；节假日按2022清明日历设定；低销量组合使用问题一指数平滑，非低销量组合使用综合Ridge
2022-04-06,276,A地双桥路店,11002605,老板仔香脆海苔卷（原味）,包装海苔,多云,0,0,0,0,hybrid_low_q1_regular_ridge,低销量指数平滑-常规Ridge混合,very_sparse,1,天气、温度、风力、活动日为历史同月日参考；节假日按2022清明日历设定；低销量组合使用问题一指数平滑，非低销量组合使用综合Ridge
2022-04-06,276,A地双桥路店,11005780,大丰古法瓜子,包装坚果,多云,0,0,0,0,hybrid_low_q1_regular_ridge,低销量指数平滑-常规Ridge混合,very_sparse,1,天气、温度、风力、活动日为历史同月日参考；节假日按2022清明日历设定；低销量组合使用问题一指数平滑，非低销量组合使用综合Ridge
2022-04-06,276,A地双桥路店,11008516,李子柒螺蛳粉335g,速食类,多云,0,0,0,0,hybrid_low_q1_regular_ridge,低销量指数平滑-常规Ridge混合,very_sparse,1,天气、温度、风力、活动日为历史同月日参考；节假日按2022清明日历设定；低销量组合使用问题一指数平滑，非低销量组合使用综合Ridge
2022-04-06,276,A地双桥路店,12000134,百事可乐600ml,碳酸饮料,多云,0,0,0,0,hybrid_low_q1_regular_ridge,低销量指数平滑-常规Ridge混合,very_sparse,1,天气、温度、风力、活动日为历史同月日参考；节假日按2022清明日历设定；低销量组合使用问题一指数平滑，非低销量组合使用综合Ridge
2022-04-06,276,A地双桥路店,12000292,红牛,功能饮料,多云,0,0,0,1,hybrid_low_q1_regular_ridge,低销量指数平滑-常规Ridge混合,very_sparse,1,天气、温度、风力、活动日为历史同月日参考；节假日按2022清明日历设定；低销量组合使用问题一指数平滑，非低销量组合使用综合Ridge
2022-04-06,276,A地双桥路店,12001131,旺仔牛奶,乳类饮品,多云,0,0,0,0,hybrid_low_q1_regular_ridge,低销量指数平滑-常规Ridge混合,very_sparse,1,天气、温度、风力、活动日为历史同月日参考；节假日按2022清明日历设定；低销量组合使用问题一指数平滑，非低销量组合使用综合Ridge
2022-04-07,14,C地彩虹南路店,11000405,百事可乐330ml,碳酸饮料,多云,0,0,0,3,hybrid_low_q1_regular_ridge,低销量指数平滑-常规Ridge混合,volatile,0,天气、温度、风力、活动日为历史同月日参考；节假日按2022清明日历设定；低销量组合使用问题一指数平滑，非低销量组合使用综合Ridge
2022-04-07,14,C地彩虹南路店,11001020,韩国海牌海苔 / 韩国海飘海苔,包装海苔,多云,0,0,0,0,hybrid_low_q1_regular_ridge,低销量指数平滑-常规Ridge混合,intermittent,0,天气、温度、风力、活动日为历史同月日参考；节假日按2022清明日历设定；低销量组合使用问题一指数平滑，非低销量组合使用综合Ridge
2022-04-07,14,C地彩虹南路店,11002170,三养辣火鸡味拌面,速食类,多云,0,0,0,0,hybrid_low_q1_regular_ridge,低销量指数平滑-常规Ridge混合,very_sparse,1,天气、温度、风力、活动日为历史同月日参考；节假日按2022清明日历设定；低销量组合使用问题一指数平滑，非低销量组合使用综合Ridge
2022-04-07,14,C地彩虹南路店,11002561,乡吧哥蜜汁鸡翅,包装散称,多云,0,0,0,5,hybrid_low_q1_regular_ridge,低销量指数平滑-常规Ridge混合,volatile,0,天气、温度、风力、活动日为历史同月日参考；节假日按2022清明日历设定；低销量组合使用问题一指数平滑，非低销量组合使用综合Ridge
2022-04-07,14,C地彩虹南路店,11002605,老板仔香脆海苔卷（原味）,包装海苔,多云,0,0,0,0,hybrid_low_q1_regular_ridge,低销量指数平滑-常规Ridge混合,low_volume_intermittent,1,天气、温度、风力、活动日为历史同月日参考；节假日按2022清明日历设定；低销量组合使用问题一指数平滑，非低销量组合使用综合Ridge
2022-04-07,14,C地彩虹南路店,11004973,特仑苏纯牛奶,乳类饮品,多云,0,0,0,0,hybrid_low_q1_regular_ridge,低销量指数平滑-常规Ridge混合,intermittent,0,天气、温度、风力、活动日为历史同月日参考；节假日按2022清明日历设定；低销量组合使用问题一指数平滑，非低销量组合使用综合Ridge
2022-04-07,14,C地彩虹南路店,11005780,大丰古法瓜子,包装坚果,多云,0,0,0,0,hybrid_low_q1_regular_ridge,低销量指数平滑-常规Ridge混合,regular,0,天气、温度、风力、活动日为历史同月日参考；节假日按2022清明日历设定；低销量组合使用问题一指数平滑，非低销量组合使用综合Ridge
2022-04-07,14,C地彩虹南路店,11008516,李子柒螺蛳粉335g,速食类,多云,0,0,0,2,hybrid_low_q1_regular_ridge,低销量指数平滑-常规Ridge混合,low_volume_intermittent,1,天气、温度、风力、活动日为历史同月日参考；节假日按2022清明日历设定；低销量组合使用问题一指数平滑，非低销量组合使用综合Ridge
2022-04-07,14,C地彩虹南路店,11008644,洽洽早餐每日坚果（燕麦片）,包装冲饮,多云,0,0,0,0,hybrid_low_q1_regular_ridge,低销量指数平滑-常规Ridge混合,very_sparse,1,天气、温度、风力、活动日为历史同月日参考；节假日按2022清明日历设定；低销量组合使用问题一指数平滑，非低销量组合使用综合Ridge
2022-04-07,14,C地彩虹南路店,12000134,百事可乐600ml,碳酸饮料,多云,0,0,0,1,hybrid_low_q1_regular_ridge,低销量指数平滑-常规Ridge混合,regular,0,天气、温度、风力、活动日为历史同月日参考；节假日按2022清明日历设定；低销量组合使用问题一指数平滑，非低销量组合使用综合Ridge
2022-04-07,14,C地彩虹南路店,12000292,红牛,功能饮料,多云,0,0,0,7,hybrid_low_q1_regular_ridge,低销量指数平滑-常规Ridge混合,regular,0,天气、温度、风力、活动日为历史同月日参考；节假日按2022清明日历设定；低销量组合使用问题一指数平滑，非低销量组合使用综合Ridge
2022-04-07,14,C地彩虹南路店,12001131,旺仔牛奶,乳类饮品,多云,0,0,0,2,hybrid_low_q1_regular_ridge,低销量指数平滑-常规Ridge混合,intermittent,0,天气、温度、风力、活动日为历史同月日参考；节假日按2022清明日历设定；低销量组合使用问题一指数平滑，非低销量组合使用综合Ridge
2022-04-07,18,A地天九街店,11000405,百事可乐330ml,碳酸饮料,多云,0,0,0,4,hybrid_low_q1_regular_ridge,低销量指数平滑-常规Ridge混合,intermittent,0,天气、温度、风力、活动日为历史同月日参考；节假日按2022清明日历设定；低销量组合使用问题一指数平滑，非低销量组合使用综合Ridge
2022-04-07,18,A地天九街店,11001020,韩国海牌海苔 / 韩国海飘海苔,包装海苔,多云,0,0,0,1,hybrid_low_q1_regular_ridge,低销量指数平滑-常规Ridge混合,intermittent,0,天气、温度、风力、活动日为历史同月日参考；节假日按2022清明日历设定；低销量组合使用问题一指数平滑，非低销量组合使用综合Ridge
2022-04-07,18,A地天九街店,11002170,三养辣火鸡味拌面,速食类,多云,0,0,0,1,hybrid_low_q1_regular_ridge,低销量指数平滑-常规Ridge混合,low_volume_intermittent,1,天气、温度、风力、活动日为历史同月日参考；节假日按2022清明日历设定；低销量组合使用问题一指数平滑，非低销量组合使用综合Ridge
2022-04-07,18,A地天九街店,11002561,乡吧哥蜜汁鸡翅,包装散称,多云,0,0,0,4,hybrid_low_q1_regular_ridge,低销量指数平滑-常规Ridge混合,intermittent,0,天气、温度、风力、活动日为历史同月日参考；节假日按2022清明日历设定；低销量组合使用问题一指数平滑，非低销量组合使用综合Ridge
2022-04-07,18,A地天九街店,11002605,老板仔香脆海苔卷（原味）,包装海苔,多云,0,0,0,1,hybrid_low_q1_regular_ridge,低销量指数平滑-常规Ridge混合,very_sparse,1,天气、温度、风力、活动日为历史同月日参考；节假日按2022清明日历设定；低销量组合使用问题一指数平滑，非低销量组合使用综合Ridge
2022-04-07,18,A地天九街店,11005780,大丰古法瓜子,包装坚果,多云,0,0,0,2,hybrid_low_q1_regular_ridge,低销量指数平滑-常规Ridge混合,intermittent,0,天气、温度、风力、活动日为历史同月日参考；节假日按2022清明日历设定；低销量组合使用问题一指数平滑，非低销量组合使用综合Ridge
2022-04-07,18,A地天九街店,11008516,李子柒螺蛳粉335g,速食类,多云,0,0,0,0,hybrid_low_q1_regular_ridge,低销量指数平滑-常规Ridge混合,very_sparse,1,天气、温度、风力、活动日为历史同月日参考；节假日按2022清明日历设定；低销量组合使用问题一指数平滑，非低销量组合使用综合Ridge
2022-04-07,18,A地天九街店,12000134,百事可乐600ml,碳酸饮料,多云,0,0,0,3,hybrid_low_q1_regular_ridge,低销量指数平滑-常规Ridge混合,intermittent,0,天气、温度、风力、活动日为历史同月日参考；节假日按2022清明日历设定；低销量组合使用问题一指数平滑，非低销量组合使用综合Ridge
2022-04-07,18,A地天九街店,12000292,红牛,功能饮料,多云,0,0,0,15,hybrid_low_q1_regular_ridge,低销量指数平滑-常规Ridge混合,intermittent,0,天气、温度、风力、活动日为历史同月日参考；节假日按2022清明日历设定；低销量组合使用问题一指数平滑，非低销量组合使用综合Ridge
2022-04-07,18,A地天九街店,12001131,旺仔牛奶,乳类饮品,多云,0,0,0,3,hybrid_low_q1_regular_ridge,低销量指数平滑-常规Ridge混合,intermittent,0,天气、温度、风力、活动日为历史同月日参考；节假日按2022清明日历设定；低销量组合使用问题一指数平滑，非低销量组合使用综合Ridge
2022-04-07,23,C地姜山店,11000405,百事可乐330ml,碳酸饮料,多云,0,0,0,2,hybrid_low_q1_regular_ridge,低销量指数平滑-常规Ridge混合,intermittent,0,天气、温度、风力、活动日为历史同月日参考；节假日按2022清明日历设定；低销量组合使用问题一指数平滑，非低销量组合使用综合Ridge
2022-04-07,23,C地姜山店,11001020,韩国海牌海苔 / 韩国海飘海苔,包装海苔,多云,0,0,0,0,hybrid_low_q1_regular_ridge,低销量指数平滑-常规Ridge混合,regular,0,天气、温度、风力、活动日为历史同月日参考；节假日按2022清明日历设定；低销量组合使用问题一指数平滑，非低销量组合使用综合Ridge
2022-04-07,23,C地姜山店,11002170,三养辣火鸡味拌面,速食类,多云,0,0,0,1,hybrid_low_q1_regular_ridge,低销量指数平滑-常规Ridge混合,low_volume_intermittent,1,天气、温度、风力、活动日为历史同月日参考；节假日按2022清明日历设定；低销量组合使用问题一指数平滑，非低销量组合使用综合Ridge
2022-04-07,23,C地姜山店,11002561,乡吧哥蜜汁鸡翅,包装散称,多云,0,0,0,16,hybrid_low_q1_regular_ridge,低销量指数平滑-常规Ridge混合,volatile,0,天气、温度、风力、活动日为历史同月日参考；节假日按2022清明日历设定；低销量组合使用问题一指数平滑，非低销量组合使用综合Ridge
2022-04-07,23,C地姜山店,11002605,老板仔香脆海苔卷（原味）,包装海苔,多云,0,0,0,0,hybrid_low_q1_regular_ridge,低销量指数平滑-常规Ridge混合,intermittent,0,天气、温度、风力、活动日为历史同月日参考；节假日按2022清明日历设定；低销量组合使用问题一指数平滑，非低销量组合使用综合Ridge
2022-04-07,23,C地姜山店,11004973,特仑苏纯牛奶,乳类饮品,多云,0,0,0,0,hybrid_low_q1_regular_ridge,低销量指数平滑-常规Ridge混合,very_sparse,1,天气、温度、风力、活动日为历史同月日参考；节假日按2022清明日历设定；低销量组合使用问题一指数平滑，非低销量组合使用综合Ridge
2022-04-07,23,C地姜山店,11005780,大丰古法瓜子,包装坚果,多云,0,0,0,1,hybrid_low_q1_regular_ridge,低销量指数平滑-常规Ridge混合,regular,0,天气、温度、风力、活动日为历史同月日参考；节假日按2022清明日历设定；低销量组合使用问题一指数平滑，非低销量组合使用综合Ridge
2022-04-07,23,C地姜山店,11008516,李子柒螺蛳粉335g,速食类,多云,0,0,0,1,hybrid_low_q1_regular_ridge,低销量指数平滑-常规Ridge混合,intermittent,0,天气、温度、风力、活动日为历史同月日参考；节假日按2022清明日历设定；低销量组合使用问题一指数平滑，非低销量组合使用综合Ridge
2022-04-07,23,C地姜山店,12000134,百事可乐600ml,碳酸饮料,多云,0,0,0,2,hybrid_low_q1_regular_ridge,低销量指数平滑-常规Ridge混合,regular,0,天气、温度、风力、活动日为历史同月日参考；节假日按2022清明日历设定；低销量组合使用问题一指数平滑，非低销量组合使用综合Ridge
2022-04-07,23,C地姜山店,12000292,红牛,功能饮料,多云,0,0,0,4,hybrid_low_q1_regular_ridge,低销量指数平滑-常规Ridge混合,regular,0,天气、温度、风力、活动日为历史同月日参考；节假日按2022清明日历设定；低销量组合使用问题一指数平滑，非低销量组合使用综合Ridge
2022-04-07,23,C地姜山店,12001131,旺仔牛奶,乳类饮品,多云,0,0,0,1,hybrid_low_q1_regular_ridge,低销量指数平滑-常规Ridge混合,intermittent,0,天气、温度、风力、活动日为历史同月日参考；节假日按2022清明日历设定；低销量组合使用问题一指数平滑，非低销量组合使用综合Ridge
2022-04-07,47,C地桑田路店,11000405,百事可乐330ml,碳酸饮料,多云,0,0,0,2,hybrid_low_q1_regular_ridge,低销量指数平滑-常规Ridge混合,volatile,0,天气、温度、风力、活动日为历史同月日参考；节假日按2022清明日历设定；低销量组合使用问题一指数平滑，非低销量组合使用综合Ridge
2022-04-07,47,C地桑田路店,11001020,韩国海牌海苔 / 韩国海飘海苔,包装海苔,多云,0,0,0,2,hybrid_low_q1_regular_ridge,低销量指数平滑-常规Ridge混合,volatile,0,天气、温度、风力、活动日为历史同月日参考；节假日按2022清明日历设定；低销量组合使用问题一指数平滑，非低销量组合使用综合Ridge
2022-04-07,47,C地桑田路店,11002170,三养辣火鸡味拌面,速食类,多云,0,0,0,1,hybrid_low_q1_regular_ridge,低销量指数平滑-常规Ridge混合,low_volume_intermittent,1,天气、温度、风力、活动日为历史同月日参考；节假日按2022清明日历设定；低销量组合使用问题一指数平滑，非低销量组合使用综合Ridge
2022-04-07,47,C地桑田路店,11002561,乡吧哥蜜汁鸡翅,包装散称,多云,0,0,0,7,hybrid_low_q1_regular_ridge,低销量指数平滑-常规Ridge混合,regular,0,天气、温度、风力、活动日为历史同月日参考；节假日按2022清明日历设定；低销量组合使用问题一指数平滑，非低销量组合使用综合Ridge
2022-04-07,47,C地桑田路店,11002605,老板仔香脆海苔卷（原味）,包装海苔,多云,0,0,0,1,hybrid_low_q1_regular_ridge,低销量指数平滑-常规Ridge混合,intermittent,0,天气、温度、风力、活动日为历史同月日参考；节假日按2022清明日历设定；低销量组合使用问题一指数平滑，非低销量组合使用综合Ridge
2022-04-07,47,C地桑田路店,11005780,大丰古法瓜子,包装坚果,多云,0,0,0,1,hybrid_low_q1_regular_ridge,低销量指数平滑-常规Ridge混合,intermittent,0,天气、温度、风力、活动日为历史同月日参考；节假日按2022清明日历设定；低销量组合使用问题一指数平滑，非低销量组合使用综合Ridge
2022-04-07,47,C地桑田路店,11008516,李子柒螺蛳粉335g,速食类,多云,0,0,0,1,hybrid_low_q1_regular_ridge,低销量指数平滑-常规Ridge混合,low_volume_intermittent,1,天气、温度、风力、活动日为历史同月日参考；节假日按2022清明日历设定；低销量组合使用问题一指数平滑，非低销量组合使用综合Ridge
2022-04-07,47,C地桑田路店,11008644,洽洽早餐每日坚果（燕麦片）,包装冲饮,多云,0,0,0,0,hybrid_low_q1_regular_ridge,低销量指数平滑-常规Ridge混合,very_sparse,1,天气、温度、风力、活动日为历史同月日参考；节假日按2022清明日历设定；低销量组合使用问题一指数平滑，非低销量组合使用综合Ridge
2022-04-07,47,C地桑田路店,12000134,百事可乐600ml,碳酸饮料,多云,0,0,0,2,hybrid_low_q1_regular_ridge,低销量指数平滑-常规Ridge混合,regular,0,天气、温度、风力、活动日为历史同月日参考；节假日按2022清明日历设定；低销量组合使用问题一指数平滑，非低销量组合使用综合Ridge
2022-04-07,47,C地桑田路店,12000292,红牛,功能饮料,多云,0,0,0,4,hybrid_low_q1_regular_ridge,低销量指数平滑-常规Ridge混合,volatile,0,天气、温度、风力、活动日为历史同月日参考；节假日按2022清明日历设定；低销量组合使用问题一指数平滑，非低销量组合使用综合Ridge
2022-04-07,47,C地桑田路店,12001131,旺仔牛奶,乳类饮品,多云,0,0,0,2,hybrid_low_q1_regular_ridge,低销量指数平滑-常规Ridge混合,intermittent,0,天气、温度、风力、活动日为历史同月日参考；节假日按2022清明日历设定；低销量组合使用问题一指数平滑，非低销量组合使用综合Ridge
2022-04-07,69,B地江山店店,11000405,百事可乐330ml,碳酸饮料,多云,0,0,0,4,hybrid_low_q1_regular_ridge,低销量指数平滑-常规Ridge混合,regular,0,天气、温度、风力、活动日为历史同月日参考；节假日按2022清明日历设定；低销量组合使用问题一指数平滑，非低销量组合使用综合Ridge
2022-04-07,69,B地江山店店,11001020,韩国海牌海苔 / 韩国海飘海苔,包装海苔,多云,0,0,0,1,hybrid_low_q1_regular_ridge,低销量指数平滑-常规Ridge混合,intermittent,0,天气、温度、风力、活动日为历史同月日参考；节假日按2022清明日历设定；低销量组合使用问题一指数平滑，非低销量组合使用综合Ridge
2022-04-07,69,B地江山店店,11002170,三养辣火鸡味拌面,速食类,多云,0,0,0,1,hybrid_low_q1_regular_ridge,低销量指数平滑-常规Ridge混合,low_volume_intermittent,1,天气、温度、风力、活动日为历史同月日参考；节假日按2022清明日历设定；低销量组合使用问题一指数平滑，非低销量组合使用综合Ridge
2022-04-07,69,B地江山店店,11002561,乡吧哥蜜汁鸡翅,包装散称,多云,0,0,0,23,hybrid_low_q1_regular_ridge,低销量指数平滑-常规Ridge混合,volatile,0,天气、温度、风力、活动日为历史同月日参考；节假日按2022清明日历设定；低销量组合使用问题一指数平滑，非低销量组合使用综合Ridge
2022-04-07,69,B地江山店店,11002605,老板仔香脆海苔卷（原味）,包装海苔,多云,0,0,0,1,hybrid_low_q1_regular_ridge,低销量指数平滑-常规Ridge混合,intermittent,0,天气、温度、风力、活动日为历史同月日参考；节假日按2022清明日历设定；低销量组合使用问题一指数平滑，非低销量组合使用综合Ridge
2022-04-07,69,B地江山店店,11005780,大丰古法瓜子,包装坚果,多云,0,0,0,2,hybrid_low_q1_regular_ridge,低销量指数平滑-常规Ridge混合,regular,0,天气、温度、风力、活动日为历史同月日参考；节假日按2022清明日历设定；低销量组合使用问题一指数平滑，非低销量组合使用综合Ridge
2022-04-07,69,B地江山店店,11008516,李子柒螺蛳粉335g,速食类,多云,0,0,0,2,hybrid_low_q1_regular_ridge,低销量指数平滑-常规Ridge混合,intermittent,0,天气、温度、风力、活动日为历史同月日参考；节假日按2022清明日历设定；低销量组合使用问题一指数平滑，非低销量组合使用综合Ridge
2022-04-07,69,B地江山店店,11008644,洽洽早餐每日坚果（燕麦片）,包装冲饮,多云,0,0,0,0,hybrid_low_q1_regular_ridge,低销量指数平滑-常规Ridge混合,very_sparse,1,天气、温度、风力、活动日为历史同月日参考；节假日按2022清明日历设定；低销量组合使用问题一指数平滑，非低销量组合使用综合Ridge
2022-04-07,69,B地江山店店,12000134,百事可乐600ml,碳酸饮料,多云,0,0,0,5,hybrid_low_q1_regular_ridge,低销量指数平滑-常规Ridge混合,regular,0,天气、温度、风力、活动日为历史同月日参考；节假日按2022清明日历设定；低销量组合使用问题一指数平滑，非低销量组合使用综合Ridge
2022-04-07,69,B地江山店店,12000292,红牛,功能饮料,多云,0,0,0,8,hybrid_low_q1_regular_ridge,低销量指数平滑-常规Ridge混合,volatile,0,天气、温度、风力、活动日为历史同月日参考；节假日按2022清明日历设定；低销量组合使用问题一指数平滑，非低销量组合使用综合Ridge
2022-04-07,69,B地江山店店,12001131,旺仔牛奶,乳类饮品,多云,0,0,0,2,hybrid_low_q1_regular_ridge,低销量指数平滑-常规Ridge混合,volatile,0,天气、温度、风力、活动日为历史同月日参考；节假日按2022清明日历设定；低销量组合使用问题一指数平滑，非低销量组合使用综合Ridge
2022-04-07,178,C地五乡镇店,11000405,百事可乐330ml,碳酸饮料,多云,0,0,0,5,hybrid_low_q1_regular_ridge,低销量指数平滑-常规Ridge混合,low_volume_intermittent,1,天气、温度、风力、活动日为历史同月日参考；节假日按2022清明日历设定；低销量组合使用问题一指数平滑，非低销量组合使用综合Ridge
2022-04-07,178,C地五乡镇店,11001020,韩国海牌海苔 / 韩国海飘海苔,包装海苔,多云,0,0,0,1,hybrid_low_q1_regular_ridge,低销量指数平滑-常规Ridge混合,intermittent,0,天气、温度、风力、活动日为历史同月日参考；节假日按2022清明日历设定；低销量组合使用问题一指数平滑，非低销量组合使用综合Ridge
2022-04-07,178,C地五乡镇店,11002170,三养辣火鸡味拌面,速食类,多云,0,0,0,1,hybrid_low_q1_regular_ridge,低销量指数平滑-常规Ridge混合,intermittent,0,天气、温度、风力、活动日为历史同月日参考；节假日按2022清明日历设定；低销量组合使用问题一指数平滑，非低销量组合使用综合Ridge
2022-04-07,178,C地五乡镇店,11002561,乡吧哥蜜汁鸡翅,包装散称,多云,0,0,0,10,hybrid_low_q1_regular_ridge,低销量指数平滑-常规Ridge混合,intermittent,0,天气、温度、风力、活动日为历史同月日参考；节假日按2022清明日历设定；低销量组合使用问题一指数平滑，非低销量组合使用综合Ridge
2022-04-07,178,C地五乡镇店,11002605,老板仔香脆海苔卷（原味）,包装海苔,多云,0,0,0,0,hybrid_low_q1_regular_ridge,低销量指数平滑-常规Ridge混合,very_sparse,1,天气、温度、风力、活动日为历史同月日参考；节假日按2022清明日历设定；低销量组合使用问题一指数平滑，非低销量组合使用综合Ridge
2022-04-07,178,C地五乡镇店,11004973,特仑苏纯牛奶,乳类饮品,多云,0,0,0,0,hybrid_low_q1_regular_ridge,低销量指数平滑-常规Ridge混合,very_sparse,1,天气、温度、风力、活动日为历史同月日参考；节假日按2022清明日历设定；低销量组合使用问题一指数平滑，非低销量组合使用综合Ridge
2022-04-07,178,C地五乡镇店,11005780,大丰古法瓜子,包装坚果,多云,0,0,0,1,hybrid_low_q1_regular_ridge,低销量指数平滑-常规Ridge混合,low_volume_intermittent,1,天气、温度、风力、活动日为历史同月日参考；节假日按2022清明日历设定；低销量组合使用问题一指数平滑，非低销量组合使用综合Ridge
2022-04-07,178,C地五乡镇店,11008516,李子柒螺蛳粉335g,速食类,多云,0,0,0,2,hybrid_low_q1_regular_ridge,低销量指数平滑-常规Ridge混合,intermittent,0,天气、温度、风力、活动日为历史同月日参考；节假日按2022清明日历设定；低销量组合使用问题一指数平滑，非低销量组合使用综合Ridge
2022-04-07,178,C地五乡镇店,12000134,百事可乐600ml,碳酸饮料,多云,0,0,0,3,hybrid_low_q1_regular_ridge,低销量指数平滑-常规Ridge混合,intermittent,0,天气、温度、风力、活动日为历史同月日参考；节假日按2022清明日历设定；低销量组合使用问题一指数平滑，非低销量组合使用综合Ridge
2022-04-07,178,C地五乡镇店,12000292,红牛,功能饮料,多云,0,0,0,17,hybrid_low_q1_regular_ridge,低销量指数平滑-常规Ridge混合,volatile,0,天气、温度、风力、活动日为历史同月日参考；节假日按2022清明日历设定；低销量组合使用问题一指数平滑，非低销量组合使用综合Ridge
2022-04-07,178,C地五乡镇店,12001131,旺仔牛奶,乳类饮品,多云,0,0,0,4,hybrid_low_q1_regular_ridge,低销量指数平滑-常规Ridge混合,intermittent,0,天气、温度、风力、活动日为历史同月日参考；节假日按2022清明日历设定；低销量组合使用问题一指数平滑，非低销量组合使用综合Ridge
2022-04-07,276,A地双桥路店,11000405,百事可乐330ml,碳酸饮料,多云,0,0,0,0,hybrid_low_q1_regular_ridge,低销量指数平滑-常规Ridge混合,very_sparse,1,天气、温度、风力、活动日为历史同月日参考；节假日按2022清明日历设定；低销量组合使用问题一指数平滑，非低销量组合使用综合Ridge
2022-04-07,276,A地双桥路店,11001020,韩国海牌海苔 / 韩国海飘海苔,包装海苔,多云,0,0,0,0,hybrid_low_q1_regular_ridge,低销量指数平滑-常规Ridge混合,very_sparse,1,天气、温度、风力、活动日为历史同月日参考；节假日按2022清明日历设定；低销量组合使用问题一指数平滑，非低销量组合使用综合Ridge
2022-04-07,276,A地双桥路店,11002170,三养辣火鸡味拌面,速食类,多云,0,0,0,0,hybrid_low_q1_regular_ridge,低销量指数平滑-常规Ridge混合,very_sparse,1,天气、温度、风力、活动日为历史同月日参考；节假日按2022清明日历设定；低销量组合使用问题一指数平滑，非低销量组合使用综合Ridge
2022-04-07,276,A地双桥路店,11002561,乡吧哥蜜汁鸡翅,包装散称,多云,0,0,0,0,hybrid_low_q1_regular_ridge,低销量指数平滑-常规Ridge混合,very_sparse,1,天气、温度、风力、活动日为历史同月日参考；节假日按2022清明日历设定；低销量组合使用问题一指数平滑，非低销量组合使用综合Ridge
2022-04-07,276,A地双桥路店,11002605,老板仔香脆海苔卷（原味）,包装海苔,多云,0,0,0,0,hybrid_low_q1_regular_ridge,低销量指数平滑-常规Ridge混合,very_sparse,1,天气、温度、风力、活动日为历史同月日参考；节假日按2022清明日历设定；低销量组合使用问题一指数平滑，非低销量组合使用综合Ridge
2022-04-07,276,A地双桥路店,11005780,大丰古法瓜子,包装坚果,多云,0,0,0,0,hybrid_low_q1_regular_ridge,低销量指数平滑-常规Ridge混合,very_sparse,1,天气、温度、风力、活动日为历史同月日参考；节假日按2022清明日历设定；低销量组合使用问题一指数平滑，非低销量组合使用综合Ridge
2022-04-07,276,A地双桥路店,11008516,李子柒螺蛳粉335g,速食类,多云,0,0,0,0,hybrid_low_q1_regular_ridge,低销量指数平滑-常规Ridge混合,very_sparse,1,天气、温度、风力、活动日为历史同月日参考；节假日按2022清明日历设定；低销量组合使用问题一指数平滑，非低销量组合使用综合Ridge
2022-04-07,276,A地双桥路店,12000134,百事可乐600ml,碳酸饮料,多云,0,0,0,0,hybrid_low_q1_regular_ridge,低销量指数平滑-常规Ridge混合,very_sparse,1,天气、温度、风力、活动日为历史同月日参考；节假日按2022清明日历设定；低销量组合使用问题一指数平滑，非低销量组合使用综合Ridge
2022-04-07,276,A地双桥路店,12000292,红牛,功能饮料,多云,0,0,0,1,hybrid_low_q1_regular_ridge,低销量指数平滑-常规Ridge混合,very_sparse,1,天气、温度、风力、活动日为历史同月日参考；节假日按2022清明日历设定；低销量组合使用问题一指数平滑，非低销量组合使用综合Ridge
2022-04-07,276,A地双桥路店,12001131,旺仔牛奶,乳类饮品,多云,0,0,0,0,hybrid_low_q1_regular_ridge,低销量指数平滑-常规Ridge混合,very_sparse,1,天气、温度、风力、活动日为历史同月日参考；节假日按2022清明日历设定；低销量组合使用问题一指数平滑，非低销量组合使用综合Ridge
