validation_mode,level,model,model_label,strategy_rule,threshold_rule,low_volume_selected_share,MAE,RMSE,WAPE,WAPE_pct,actual_sum,prediction_sum,abs_error_sum,bias,bias_pct_of_actual,n,WAPE_pct_point_change_vs_current,WAPE_pct_point_change_vs_q1,WAPE_pct_point_change_vs_ridge
strict_recursive_7day,category,hybrid_avg_lt_0_3_or_zero_ge_0_75_recent28_mean,历史均值 <0.3 或零销量比例 >=0.75-低销量用近28日均值,低销量序列使用窗口开始日前近 28 日均值，常规序列使用完整 Ridge,历史均值 <0.3 或零销量比例 >=0.75,0.35855263157894735,7.561205773278729,13.848349689524074,0.334659176687302,33.4659176687302,5061.0,4840.749136079239,1693.7100932144353,-220.25086392076082,-0.043519238079581274,224,-42.38669664710514,-42.88022300674835,-43.217942863837365
strict_recursive_7day,category,hybrid_zero_ge_0_75_recent28_mean,零销量比例 >=0.75-低销量用近28日均值,低销量序列使用窗口开始日前近 28 日均值，常规序列使用完整 Ridge,零销量比例 >=0.75,0.35855263157894735,7.561205773278729,13.848349689524074,0.334659176687302,33.4659176687302,5061.0,4840.749136079239,1693.7100932144353,-220.25086392076082,-0.043519238079581274,224,-42.38669664710514,-42.88022300674835,-43.217942863837365
strict_recursive_7day,category,hybrid_avg_lt_0_3_recent28_mean,历史均值 <0.3-低销量用近28日均值,低销量序列使用窗口开始日前近 28 日均值，常规序列使用完整 Ridge,历史均值 <0.3,0.27631578947368424,7.570227026577504,13.725831731537452,0.3350584576078563,33.50584576078563,5061.0,4951.571324065923,1695.7308539533608,-109.42867593407664,-0.02162194742819139,224,-42.34676855504971,-42.84029491469292,-43.17801477178193
strict_recursive_7day,category,hybrid_current_rule_recent28_mean,当前低销量规则-低销量用近28日均值,低销量序列使用窗口开始日前近 28 日均值，常规序列使用完整 Ridge,当前低销量规则,0.39473684210526316,7.5715025364468955,13.850219476898017,0.33511491170995944,33.511491170995946,5061.0,4837.885668517885,1696.0165681641047,-223.11433148211472,-0.04408502894331451,224,-42.34112314483939,-42.834649504482606,-43.17236936157162
strict_recursive_7day,category,hybrid_avg_lt_0_2_recent28_mean,历史均值 <0.2-低销量用近28日均值,低销量序列使用窗口开始日前近 28 日均值，常规序列使用完整 Ridge,历史均值 <0.2,0.22039473684210525,7.608885140030807,13.755079011544776,0.33676946677868025,33.676946677868024,5061.0,4953.822745552905,1704.3902713669008,-107.17725444709504,-0.021177090386701253,224,-42.175667637967315,-42.66919399761053,-43.00691385469954
strict_recursive_7day,category,hybrid_avg_lt_0_3_q1_exp_smoothing,历史均值 <0.3-低销量用指数平滑,低销量序列使用问题一门店-商品指数平滑，常规序列使用完整 Ridge,历史均值 <0.3,0.27631578947368424,7.609415667030979,13.769584723186165,0.3367929479183836,33.67929479183836,5061.0,4987.332277908508,1704.5091094149393,-73.66772209149167,-0.014555961685732399,224,-42.17331952399698,-42.66684588364019,-43.004565740729205
strict_recursive_7day,category,hybrid_avg_lt_0_2_q1_exp_smoothing,历史均值 <0.2-低销量用指数平滑,低销量序列使用问题一门店-商品指数平滑，常规序列使用完整 Ridge,历史均值 <0.2,0.22039473684210525,7.645888269545567,13.813271513126097,0.3384072263146033,33.84072263146033,5061.0,4987.946372817154,1712.6789723782072,-73.05362718284596,-0.014434623035535657,224,-42.01189168437501,-42.50541804401822,-42.843137901107234
strict_recursive_7day,category,hybrid_avg_lt_0_3_q1_hierarchy_blend,历史均值 <0.3-低销量指数平滑+层级收缩,低销量序列使用 70% 指数平滑 + 30% 层级收缩目标，常规序列使用完整 Ridge,历史均值 <0.3,0.27631578947368424,7.646629012401477,13.791211760264709,0.33844001161389664,33.84400116138966,5061.0,5033.082010775202,1712.844898777931,-27.917989224797566,-0.00551629899719375,224,-42.008613154445676,-42.50213951408889,-42.8398593711779
strict_recursive_7day,category,hybrid_avg_lt_0_2_q1_hierarchy_blend,历史均值 <0.2-低销量指数平滑+层级收缩,低销量序列使用 70% 指数平滑 + 30% 层级收缩目标，常规序列使用完整 Ridge,历史均值 <0.2,0.22039473684210525,7.67207111853439,13.814827059713549,0.33956607993513205,33.9566079935132,5061.0,5031.874006491154,1718.5439305517034,-29.125993508845568,-0.0057549878499991245,224,-41.89600632232214,-42.38953268196535,-42.72725253905436
strict_recursive_7day,category,hybrid_avg_lt_0_3_or_zero_ge_0_75_q1_hierarchy_blend,历史均值 <0.3 或零销量比例 >=0.75-低销量指数平滑+层级收缩,低销量序列使用 70% 指数平滑 + 30% 层级收缩目标，常规序列使用完整 Ridge,历史均值 <0.3 或零销量比例 >=0.75,0.35855263157894735,7.7038024487385695,13.953261075913632,0.3409705094877375,34.09705094877375,5061.0,4979.395172552504,1725.6517485174395,-81.60482744749606,-0.01612424964384431,224,-41.75556336706159,-42.2490897267048,-42.586809583793816
strict_recursive_7day,category,hybrid_zero_ge_0_75_q1_hierarchy_blend,零销量比例 >=0.75-低销量指数平滑+层级收缩,低销量序列使用 70% 指数平滑 + 30% 层级收缩目标，常规序列使用完整 Ridge,零销量比例 >=0.75,0.35855263157894735,7.7038024487385695,13.953261075913632,0.3409705094877375,34.09705094877375,5061.0,4979.395172552504,1725.6517485174395,-81.60482744749606,-0.01612424964384431,224,-41.75556336706159,-42.2490897267048,-42.586809583793816
strict_recursive_7day,category,hybrid_current_rule_q1_hierarchy_blend,当前低销量规则-低销量指数平滑+层级收缩,低销量序列使用 70% 指数平滑 + 30% 层级收缩目标，常规序列使用完整 Ridge,当前低销量规则,0.39473684210526316,7.724439973006733,13.958700938277746,0.34188392688273234,34.18839268827323,5061.0,4973.956035672734,1730.2745539535083,-87.04396432726571,-0.01719896548651763,224,-41.66422162756211,-42.15774798720532,-42.49546784429433
strict_recursive_7day,category,hybrid_avg_lt_0_3_or_zero_ge_0_75_q1_exp_smoothing,历史均值 <0.3 或零销量比例 >=0.75-低销量用指数平滑,低销量序列使用问题一门店-商品指数平滑，常规序列使用完整 Ridge,历史均值 <0.3 或零销量比例 >=0.75,0.35855263157894735,7.733166540948072,13.997509032739439,0.3422701650212148,34.22701650212148,5061.0,4944.742068475939,1732.2293051723682,-116.25793152406095,-0.022971336005544546,224,-41.62559781371386,-42.11912417335707,-42.456844030446085
strict_recursive_7day,category,hybrid_zero_ge_0_75_q1_exp_smoothing,零销量比例 >=0.75-低销量用指数平滑,低销量序列使用问题一门店-商品指数平滑，常规序列使用完整 Ridge,零销量比例 >=0.75,0.35855263157894735,7.733166540948072,13.997509032739439,0.3422701650212148,34.22701650212148,5061.0,4944.742068475939,1732.2293051723682,-116.25793152406095,-0.022971336005544546,224,-41.62559781371386,-42.11912417335707,-42.456844030446085
strict_recursive_7day,category,hybrid_current_q1_regular_ridge,当前混合策略：低销量指数平滑-常规Ridge,低销量序列使用问题一门店-商品指数平滑，常规序列使用完整 Ridge,当前低销量规则,0.39473684210526316,7.752738858265567,14.002820948640876,0.3431364363271067,34.31364363271067,5061.0,4939.716280498767,1736.613504251487,-121.28371950123255,-0.023964378482756878,224,-41.53897068312467,-42.03249704276788,-42.37021689985689
strict_recursive_7day,category,hybrid_avg_lt_0_3_or_zero_ge_0_75_hierarchy_shrink,历史均值 <0.3 或零销量比例 >=0.75-低销量用层级收缩均值,低销量序列使用近28日、商品均值、类别均值的层级收缩目标，常规序列使用完整 Ridge,历史均值 <0.3 或零销量比例 >=0.75,0.35855263157894735,7.765973174952292,13.911467555297707,0.34372218754975564,34.37221875497556,5061.0,5060.252415397823,1739.5779911893133,-0.7475846021770849,-0.00014771479987691857,224,-41.480395560859776,-41.97392192050299,-42.311641777592
strict_recursive_7day,category,hybrid_zero_ge_0_75_hierarchy_shrink,零销量比例 >=0.75-低销量用层级收缩均值,低销量序列使用近28日、商品均值、类别均值的层级收缩目标，常规序列使用完整 Ridge,零销量比例 >=0.75,0.35855263157894735,7.765973174952292,13.911467555297707,0.34372218754975564,34.37221875497556,5061.0,5060.252415397823,1739.5779911893133,-0.7475846021770849,-0.00014771479987691857,224,-41.480395560859776,-41.97392192050299,-42.311641777592
strict_recursive_7day,category,hybrid_avg_lt_0_2_hierarchy_shrink,历史均值 <0.2-低销量用层级收缩均值,低销量序列使用近28日、商品均值、类别均值的层级收缩目标，常规序列使用完整 Ridge,历史均值 <0.2,0.22039473684210525,7.785270094963979,13.851907648008876,0.3445762697632743,34.45762697632743,5061.0,5134.371818397155,1743.9005012719313,73.37181839715504,0.014497494249586058,224,-41.39498733950791,-41.88851369915112,-42.22623355624013
strict_recursive_7day,category,hybrid_current_rule_hierarchy_shrink,当前低销量规则-低销量用层级收缩均值,低销量序列使用近28日、商品均值、类别均值的层级收缩目标，常规序列使用完整 Ridge,当前低销量规则,0.39473684210526316,7.7861556226203215,13.919020522895645,0.34461546324183995,34.46154632418399,5061.0,5053.848797745324,1744.098859466952,-7.151202254675809,-0.0014130018286259256,224,-41.39106799165135,-41.88459435129456,-42.22231420838357
strict_recursive_7day,category,ridge_full_external,完整综合Ridge,所有门店-商品序列均使用完整综合 Ridge,不适用,0.0,7.7887590079020645,13.858142604446213,0.3447306891464261,34.47306891464261,5061.0,5018.373403211319,1744.6820177700624,-42.62659678868113,-0.008422564076008917,224,-41.37954540119273,-41.87307176083594,-42.210791617924954
strict_recursive_7day,category,hybrid_zero_ge_0_6_hierarchy_shrink,零销量比例 >=0.6-低销量用层级收缩均值,低销量序列使用近28日、商品均值、类别均值的层级收缩目标，常规序列使用完整 Ridge,零销量比例 >=0.6,0.569078947368421,7.803581177981894,14.097977835716081,0.3453867188041779,34.53867188041779,5061.0,4782.567101932959,1748.0021838679443,-278.4328980670407,-0.05501539183304499,224,-41.31394243541755,-41.807468795060764,-42.14518865214978
strict_recursive_7day,category,hybrid_avg_lt_0_3_hierarchy_shrink,历史均值 <0.3-低销量用层级收缩均值,低销量序列使用近28日、商品均值、类别均值的层级收缩目标，常规序列使用完整 Ridge,历史均值 <0.3,0.27631578947368424,7.812511449983371,13.884866584008256,0.34578197288999707,34.578197288999704,5061.0,5139.831387464157,1750.0025647962752,78.83138746415716,0.015576247276063458,224,-41.274417026835636,-41.76794338647885,-42.10566324356786
strict_recursive_7day,category,hybrid_zero_ge_0_6_q1_hierarchy_blend,零销量比例 >=0.6-低销量指数平滑+层级收缩,低销量序列使用 70% 指数平滑 + 30% 层级收缩目标，常规序列使用完整 Ridge,零销量比例 >=0.6,0.569078947368421,7.8255050517947495,14.092463618896405,0.3463570700656044,34.63570700656044,5061.0,4883.0644960049185,1752.913131602024,-177.9355039950815,-0.035158171111456527,224,-41.2169073092749,-41.710433668918114,-42.04815352600713
strict_recursive_7day,category,hybrid_zero_ge_0_6_recent28_mean,零销量比例 >=0.6-低销量用近28日均值,低销量序列使用窗口开始日前近 28 日均值，常规序列使用完整 Ridge,零销量比例 >=0.6,0.569078947368421,7.844152493321123,14.21643017540649,0.34718240634339687,34.718240634339686,5061.0,4734.3969879567,1757.0901585039314,-326.6030120432997,-0.06453329619507997,224,-41.13437368149565,-41.627900041138865,-41.96561989822788
strict_recursive_7day,category,hybrid_zero_ge_0_6_q1_exp_smoothing,零销量比例 >=0.6-低销量用指数平滑,低销量序列使用问题一门店-商品指数平滑，常规序列使用完整 Ridge,零销量比例 >=0.6,0.569078947368421,7.870589671548395,14.149432000553894,0.3483525165830548,34.83525165830548,5061.0,4926.134807750043,1763.0120864268406,-134.86519224995664,-0.02664793365934729,224,-41.01736265752986,-41.51088901717307,-41.848608874262084
strict_recursive_7day,category,hybrid_zero_ge_0_6_product_mean,零销量比例 >=0.6-低销量用商品均值,低销量序列使用窗口开始日前同商品历史均值，常规序列使用完整 Ridge,零销量比例 >=0.6,0.569078947368421,7.872480725738519,14.06259333165256,0.3484362146938211,34.84362146938211,5061.0,4806.536771686824,1763.4356825654284,-254.46322831317593,-0.05027923894747598,224,-41.00899284645323,-41.502519206096444,-41.84023906318546
strict_recursive_7day,category,hybrid_zero_ge_0_6_category_mean,零销量比例 >=0.6-低销量用类别均值,低销量序列使用窗口开始日前同类别历史均值，常规序列使用完整 Ridge,零销量比例 >=0.6,0.569078947368421,7.951948377864107,14.072634632905814,0.35195345517517485,35.19534551751748,5061.0,4867.03788224281,1781.23643664156,-193.96211775718984,-0.038324860256310975,224,-40.65726879831786,-41.15079515796107,-41.48851501505008
strict_recursive_7day,category,hybrid_avg_lt_0_2_product_mean,历史均值 <0.2-低销量用商品均值,低销量序列使用窗口开始日前同商品历史均值，常规序列使用完整 Ridge,历史均值 <0.2,0.22039473684210525,7.996306829403485,14.032179687557479,0.35391676146737416,35.39167614673742,5061.0,5299.123297528637,1791.1727297863806,238.1232975286366,0.04705064167726469,224,-40.46093816909792,-40.954464528741134,-41.29218438583015
strict_recursive_7day,category,hybrid_current_calibrated_to_q1_overall,当前混合策略校准到问题一总量预测,以后处理方式将当前混合策略在日期-总量层面的预测总量按比例缩放到问题一指数平滑聚合预测；比例只使用两套模型预测值，不使用验证窗口真实销量,问题一总量聚合预测后处理校准,0.39473684210526316,8.04215462891721,14.978041238878724,0.35594598634211716,35.594598634211714,5061.0,4732.861663534108,1801.442636877455,-328.1383364658923,-0.06483666004068213,224,-40.258015681623625,-40.75154204126684,-41.08926189835585
strict_recursive_7day,category,hybrid_current_calibrated_to_q1_store,当前混合策略校准到问题一门店预测,以后处理方式将当前混合策略在日期-门店层面的预测总量按比例缩放到问题一指数平滑聚合预测；比例只使用两套模型预测值，不使用验证窗口真实销量,问题一门店聚合预测后处理校准,0.39473684210526316,8.046612983053143,14.88924221294865,0.3561433132195028,35.61433132195028,5061.0,4737.457656066737,1802.4413082039039,-323.5423439332626,-0.06392854059143699,224,-40.23828299388506,-40.73180935352827,-41.06952921061728
strict_recursive_7day,category,hybrid_avg_lt_0_2_category_mean,历史均值 <0.2-低销量用类别均值,低销量序列使用窗口开始日前同类别历史均值，常规序列使用完整 Ridge,历史均值 <0.2,0.22039473684210525,8.047861147564676,14.062033843294381,0.3561985570153107,35.61985570153107,5061.0,5338.61728181056,1802.7208970544875,277.6172818105597,0.05485423469878674,224,-40.23275861430427,-40.72628497394748,-41.06400483103649
strict_recursive_7day,category,hybrid_avg_lt_0_3_or_zero_ge_0_75_product_mean,历史均值 <0.3 或零销量比例 >=0.75-低销量用商品均值,低销量序列使用窗口开始日前同商品历史均值，常规序列使用完整 Ridge,历史均值 <0.3 或零销量比例 >=0.75,0.35855263157894735,8.05028483010032,14.099424963874032,0.3563058292713835,35.63058292713835,5061.0,5259.364786118431,1803.263801942472,198.36478611843086,0.03919478089674587,224,-40.22203138869699,-40.7155577483402,-41.053277605429216
strict_recursive_7day,category,hybrid_zero_ge_0_75_product_mean,零销量比例 >=0.75-低销量用商品均值,低销量序列使用窗口开始日前同商品历史均值，常规序列使用完整 Ridge,零销量比例 >=0.75,0.35855263157894735,8.05028483010032,14.099424963874032,0.3563058292713835,35.63058292713835,5061.0,5259.364786118431,1803.263801942472,198.36478611843086,0.03919478089674587,224,-40.22203138869699,-40.7155577483402,-41.053277605429216
strict_recursive_7day,category,hybrid_avg_lt_0_3_product_mean,历史均值 <0.3-低销量用商品均值,低销量序列使用窗口开始日前同商品历史均值，常规序列使用完整 Ridge,历史均值 <0.3,0.27631578947368424,8.088079143232573,14.137184028597138,0.3579786066161028,35.79786066161028,5061.0,5308.099470909441,1811.7297280840962,247.09947090944115,0.04882423847252344,224,-40.05475365422506,-40.54828001386827,-40.885999870957285
strict_recursive_7day,category,hybrid_current_calibrated_to_q1_product,当前混合策略校准到问题一商品预测,以后处理方式将当前混合策略在日期-商品层面的预测总量按比例缩放到问题一指数平滑聚合预测；比例只使用两套模型预测值，不使用验证窗口真实销量,问题一商品聚合预测后处理校准,0.39473684210526316,8.08910789850455,14.522259864039128,0.35802413935289845,35.80241393528985,5061.0,4725.982581500255,1811.960169265019,-335.01741849974496,-0.06619589379564216,224,-40.05020038054549,-40.5437267401887,-40.881446597277716
strict_recursive_7day,category,hybrid_current_rule_product_mean,当前低销量规则-低销量用商品均值,低销量序列使用窗口开始日前同商品历史均值，常规序列使用完整 Ridge,当前低销量规则,0.39473684210526316,8.091656047732808,14.116482776004274,0.3581369205082294,35.81369205082294,5061.0,5245.194475951385,1812.530954692149,184.19447595138536,0.03639487768254996,224,-40.0389222650124,-40.532448624655615,-40.87016848174463
strict_recursive_7day,category,hybrid_current_calibrated_to_q1_category,当前混合策略校准到问题一类别预测,以后处理方式将当前混合策略在日期-类别层面的预测总量按比例缩放到问题一指数平滑聚合预测；比例只使用两套模型预测值，不使用验证窗口真实销量,问题一类别聚合预测后处理校准,0.39473684210526316,8.103130600784157,14.525421548680765,0.35864478454369714,35.86447845436972,5061.0,4731.183801654771,1815.1012545756512,-329.81619834522917,-0.06516818777815238,224,-39.98813586146562,-40.481662221108834,-40.81938207819785
strict_recursive_7day,category,hybrid_avg_lt_0_3_or_zero_ge_0_75_category_mean,历史均值 <0.3 或零销量比例 >=0.75-低销量用类别均值,低销量序列使用窗口开始日前同类别历史均值，常规序列使用完整 Ridge,历史均值 <0.3 或零销量比例 >=0.75,0.35855263157894735,8.116751121920332,14.12096226013984,0.35924762918596215,35.924762918596215,5061.0,5310.342057613372,1818.1522513101545,249.34205761337216,0.04926734985445014,224,-39.927851397239124,-40.421377756882336,-40.75909761397135
strict_recursive_7day,category,hybrid_zero_ge_0_75_category_mean,零销量比例 >=0.75-低销量用类别均值,低销量序列使用窗口开始日前同类别历史均值，常规序列使用完整 Ridge,零销量比例 >=0.75,0.35855263157894735,8.116751121920332,14.12096226013984,0.35924762918596215,35.924762918596215,5061.0,5310.342057613372,1818.1522513101545,249.34205761337216,0.04926734985445014,224,-39.927851397239124,-40.421377756882336,-40.75909761397135
strict_recursive_7day,category,q1_store_product_exp_smoothing,问题一简单指数平滑,所有门店-商品序列均使用问题一指数平滑,不适用,0.0,8.126639157522604,14.552257272596073,0.35968527391524663,35.96852739152466,5061.0,4732.861663534108,1820.3671712850633,-328.1383364658923,-0.06483666004068213,224,-39.88408692431068,-40.37761328395389,-40.715333141042905
strict_recursive_7day,category,hybrid_avg_lt_0_3_category_mean,历史均值 <0.3-低销量用类别均值,低销量序列使用窗口开始日前同类别历史均值，常规序列使用完整 Ridge,历史均值 <0.3,0.27631578947368424,8.156225510654673,14.173367651098014,0.360994766723305,36.099476672330496,5061.0,5358.079420791816,1826.9945143866466,297.0794207918161,0.05869974724201069,224,-39.75313764350484,-40.246664003148055,-40.58438386023707
strict_recursive_7day,category,hybrid_current_rule_category_mean,当前低销量规则-低销量用类别均值,低销量序列使用窗口开始日前同类别历史均值，常规序列使用完整 Ridge,当前低销量规则,0.39473684210526316,8.166033652020774,14.13952854658335,0.3614288753314865,36.14288753314865,5061.0,5306.738103504835,1829.1915380526532,245.73810350483473,0.04855524669133269,224,-39.70972678268669,-40.2032531423299,-40.54097299941891
strict_recursive_7day,product,hybrid_avg_lt_0_3_recent28_mean,历史均值 <0.3-低销量用近28日均值,低销量序列使用窗口开始日前近 28 日均值，常规序列使用完整 Ridge,历史均值 <0.3,0.27631578947368424,5.6646436104508595,10.809739264829622,0.3760759243452853,37.60759243452853,5061.0,4951.571324065924,1903.320253111489,-109.42867593407573,-0.021621947428191214,336,-38.24502188130681,-38.738548240950024,-39.07626809803904
strict_recursive_7day,product,hybrid_avg_lt_0_3_or_zero_ge_0_75_recent28_mean,历史均值 <0.3 或零销量比例 >=0.75-低销量用近28日均值,低销量序列使用窗口开始日前近 28 日均值，常规序列使用完整 Ridge,历史均值 <0.3 或零销量比例 >=0.75,0.35855263157894735,5.682619890918966,10.943920517815231,0.3772693703514666,37.72693703514666,5061.0,4840.74913607924,1909.3602833487726,-220.2508639207599,-0.043519238079581093,336,-38.12567728068868,-38.61920364033189,-38.9569234974209
strict_recursive_7day,product,hybrid_zero_ge_0_75_recent28_mean,零销量比例 >=0.75-低销量用近28日均值,低销量序列使用窗口开始日前近 28 日均值，常规序列使用完整 Ridge,零销量比例 >=0.75,0.35855263157894735,5.682619890918966,10.943920517815231,0.3772693703514666,37.72693703514666,5061.0,4840.74913607924,1909.3602833487726,-220.2508639207599,-0.043519238079581093,336,-38.12567728068868,-38.61920364033189,-38.9569234974209
strict_recursive_7day,product,hybrid_current_rule_recent28_mean,当前低销量规则-低销量用近28日均值,低销量序列使用窗口开始日前近 28 日均值，常规序列使用完整 Ridge,当前低销量规则,0.39473684210526316,5.687908703231294,10.941893219842829,0.37762049482033483,37.76204948203348,5061.0,4837.885668517885,1911.1373242857146,-223.11433148211472,-0.04408502894331451,336,-38.09056483380186,-38.58409119344507,-38.92181105053408
strict_recursive_7day,product,hybrid_avg_lt_0_2_recent28_mean,历史均值 <0.2-低销量用近28日均值,低销量序列使用窗口开始日前近 28 日均值，常规序列使用完整 Ridge,历史均值 <0.2,0.22039473684210525,5.694735163481551,10.837331820261342,0.37807370379960503,37.8073703799605,5061.0,4953.822745552905,1913.431014929801,-107.17725444709504,-0.021177090386701253,336,-38.045243935874836,-38.53877029551805,-38.87649015260706
strict_recursive_7day,product,hybrid_avg_lt_0_3_q1_exp_smoothing,历史均值 <0.3-低销量用指数平滑,低销量序列使用问题一门店-商品指数平滑，常规序列使用完整 Ridge,历史均值 <0.3,0.27631578947368424,5.698471257595805,10.848037908441341,0.378321743242875,37.8321743242875,5061.0,4987.332277908508,1914.6863425521904,-73.66772209149167,-0.014555961685732399,336,-38.02043999154784,-38.51396635119105,-38.851686208280064
strict_recursive_7day,product,hybrid_avg_lt_0_3_q1_hierarchy_blend,历史均值 <0.3-低销量指数平滑+层级收缩,低销量序列使用 70% 指数平滑 + 30% 层级收缩目标，常规序列使用完整 Ridge,历史均值 <0.3,0.27631578947368424,5.717581745473367,10.859748870417,0.3795904893260327,37.95904893260327,5061.0,5033.082010775202,1921.1074664790513,-27.917989224797566,-0.00551629899719375,336,-37.89356538323207,-38.387091742875285,-38.7248115999643
strict_recursive_7day,product,hybrid_avg_lt_0_3_or_zero_ge_0_75_q1_hierarchy_blend,历史均值 <0.3 或零销量比例 >=0.75-低销量指数平滑+层级收缩,低销量序列使用 70% 指数平滑 + 30% 层级收缩目标，常规序列使用完整 Ridge,历史均值 <0.3 或零销量比例 >=0.75,0.35855263157894735,5.725865488860338,10.948396930812217,0.3801404473932174,38.01404473932174,5061.0,4979.395172552504,1923.8908042570733,-81.60482744749606,-0.01612424964384431,336,-37.8385695765136,-38.33209593615681,-38.669815793245824
strict_recursive_7day,product,hybrid_zero_ge_0_75_q1_hierarchy_blend,零销量比例 >=0.75-低销量指数平滑+层级收缩,低销量序列使用 70% 指数平滑 + 30% 层级收缩目标，常规序列使用完整 Ridge,零销量比例 >=0.75,0.35855263157894735,5.725865488860338,10.948396930812217,0.3801404473932174,38.01404473932174,5061.0,4979.395172552504,1923.8908042570733,-81.60482744749606,-0.01612424964384431,336,-37.8385695765136,-38.33209593615681,-38.669815793245824
strict_recursive_7day,product,hybrid_current_rule_q1_hierarchy_blend,当前低销量规则-低销量指数平滑+层级收缩,低销量序列使用 70% 指数平滑 + 30% 层级收缩目标，常规序列使用完整 Ridge,当前低销量规则,0.39473684210526316,5.729100583045044,10.947983897185342,0.38035522543037636,38.03552254303764,5061.0,4973.956035672734,1924.9777959031348,-87.04396432726571,-0.01719896548651763,336,-37.8170917727977,-38.310618132440915,-38.64833798952993
strict_recursive_7day,product,hybrid_avg_lt_0_3_or_zero_ge_0_75_q1_exp_smoothing,历史均值 <0.3 或零销量比例 >=0.75-低销量用指数平滑,低销量序列使用问题一门店-商品指数平滑，常规序列使用完整 Ridge,历史均值 <0.3 或零销量比例 >=0.75,0.35855263157894735,5.733244047383612,10.96560478098267,0.3806303101997418,38.06303101997418,5061.0,4944.74206847594,1926.3699999208934,-116.25793152406004,-0.022971336005544365,336,-37.789583295861156,-38.28310965550437,-38.62082951259338
strict_recursive_7day,product,hybrid_zero_ge_0_75_q1_exp_smoothing,零销量比例 >=0.75-低销量用指数平滑,低销量序列使用问题一门店-商品指数平滑，常规序列使用完整 Ridge,零销量比例 >=0.75,0.35855263157894735,5.733244047383612,10.96560478098267,0.3806303101997418,38.06303101997418,5061.0,4944.74206847594,1926.3699999208934,-116.25793152406004,-0.022971336005544365,336,-37.789583295861156,-38.28310965550437,-38.62082951259338
strict_recursive_7day,product,hybrid_current_q1_regular_ridge,当前混合策略：低销量指数平滑-常规Ridge,低销量序列使用问题一门店-商品指数平滑，常规序列使用完整 Ridge,当前低销量规则,0.39473684210526316,5.733834406168873,10.965376062159205,0.38066950414399153,38.06695041439915,5061.0,4939.716280498767,1926.5683604727412,-121.28371950123255,-0.023964378482756878,336,-37.78566390143619,-38.2791902610794,-38.61691011816841
strict_recursive_7day,product,hybrid_avg_lt_0_2_q1_exp_smoothing,历史均值 <0.2-低销量用指数平滑,低销量序列使用问题一门店-商品指数平滑，常规序列使用完整 Ridge,历史均值 <0.2,0.22039473684210525,5.735422490051018,10.884417251109953,0.3807749370988228,38.07749370988228,5061.0,4987.946372817154,1927.1019566571422,-73.05362718284596,-0.014434623035535657,336,-37.775120605953056,-38.26864696559627,-38.60636682268528
strict_recursive_7day,product,hybrid_avg_lt_0_2_q1_hierarchy_blend,历史均值 <0.2-低销量指数平滑+层级收缩,低销量序列使用 70% 指数平滑 + 30% 层级收缩目标，常规序列使用完整 Ridge,历史均值 <0.2,0.22039473684210525,5.743087986929773,10.881158824842284,0.38128384975467366,38.12838497546737,5061.0,5031.874006491154,1929.6775636084035,-29.125993508845568,-0.0057549878499991245,336,-37.72422934036797,-38.21775570001118,-38.555475557100195
strict_recursive_7day,product,hybrid_zero_ge_0_6_q1_hierarchy_blend,零销量比例 >=0.6-低销量指数平滑+层级收缩,低销量序列使用 70% 指数平滑 + 30% 层级收缩目标，常规序列使用完整 Ridge,零销量比例 >=0.6,0.569078947368421,5.770634175120893,11.03914838220308,0.3831126423316775,38.311264233167755,5061.0,4883.064496004918,1938.93308284062,-177.9355039950824,-0.03515817111145671,336,-37.541350082667584,-38.0348764423108,-38.37259629939981
strict_recursive_7day,product,hybrid_zero_ge_0_6_hierarchy_shrink,零销量比例 >=0.6-低销量用层级收缩均值,低销量序列使用近28日、商品均值、类别均值的层级收缩目标，常规序列使用完整 Ridge,零销量比例 >=0.6,0.569078947368421,5.78745824100992,11.113970302017352,0.38422959276414403,38.4229592764144,5061.0,4782.56710193296,1944.5859689793328,-278.4328980670398,-0.05501539183304481,336,-37.429655039420936,-37.92318139906415,-38.26090125615316
strict_recursive_7day,product,hybrid_avg_lt_0_2_hierarchy_shrink,历史均值 <0.2-低销量用层级收缩均值,低销量序列使用近28日、商品均值、类别均值的层级收缩目标，常规序列使用完整 Ridge,历史均值 <0.2,0.22039473684210525,5.792114701439377,10.89495639073544,0.38453873536526983,38.453873536526984,5061.0,5134.371818397156,1946.1505396836305,73.37181839715595,0.014497494249586237,336,-37.398740779308355,-37.89226713895157,-38.22998699604058
strict_recursive_7day,product,hybrid_avg_lt_0_3_or_zero_ge_0_75_hierarchy_shrink,历史均值 <0.3 或零销量比例 >=0.75-低销量用层级收缩均值,低销量序列使用近28日、商品均值、类别均值的层级收缩目标，常规序列使用完整 Ridge,历史均值 <0.3 或零销量比例 >=0.75,0.35855263157894735,5.793144273174541,10.965127724281926,0.38460708867548815,38.46070886754882,5061.0,5060.252415397823,1946.4964757866455,-0.7475846021770849,-0.00014771479987691857,336,-37.39190544828652,-37.885431807929734,-38.22315166501875
strict_recursive_7day,product,hybrid_zero_ge_0_75_hierarchy_shrink,零销量比例 >=0.75-低销量用层级收缩均值,低销量序列使用近28日、商品均值、类别均值的层级收缩目标，常规序列使用完整 Ridge,零销量比例 >=0.75,0.35855263157894735,5.793144273174541,10.965127724281926,0.38460708867548815,38.46070886754882,5061.0,5060.252415397823,1946.4964757866455,-0.7475846021770849,-0.00014771479987691857,336,-37.39190544828652,-37.885431807929734,-38.22315166501875
strict_recursive_7day,product,hybrid_avg_lt_0_3_hierarchy_shrink,历史均值 <0.3-低销量用层级收缩均值,低销量序列使用近28日、商品均值、类别均值的层级收缩目标，常规序列使用完整 Ridge,历史均值 <0.3,0.27631578947368424,5.798978956450122,10.91642545151357,0.3849944535402571,38.49944535402571,5061.0,5139.831387464157,1948.456929367241,78.83138746415716,0.015576247276063458,336,-37.35316896180963,-37.84669532145284,-38.184415178541855
strict_recursive_7day,product,hybrid_zero_ge_0_6_q1_exp_smoothing,零销量比例 >=0.6-低销量用指数平滑,低销量序列使用问题一门店-商品指数平滑，常规序列使用完整 Ridge,零销量比例 >=0.6,0.569078947368421,5.8002468787059955,11.048681902632822,0.38507863095143535,38.507863095143534,5061.0,4926.1348077500425,1948.8829512452144,-134.86519224995754,-0.02664793365934747,336,-37.344751220691805,-37.83827758033502,-38.17599743742403
strict_recursive_7day,product,hybrid_current_rule_hierarchy_shrink,当前低销量规则-低销量用层级收缩均值,低销量序列使用近28日、商品均值、类别均值的层级收缩目标，常规序列使用完整 Ridge,当前低销量规则,0.39473684210526316,5.8058572046342105,10.965201220307605,0.3854511007226032,38.54511007226032,5061.0,5053.848797745326,1950.7680207570947,-7.15120225467399,-0.001413001828625566,336,-37.30750424357502,-37.80103060321823,-38.13875046030724
strict_recursive_7day,product,hybrid_zero_ge_0_6_product_mean,零销量比例 >=0.6-低销量用商品均值,低销量序列使用窗口开始日前同商品历史均值，常规序列使用完整 Ridge,零销量比例 >=0.6,0.569078947368421,5.8109678078742855,11.107101319988912,0.38579039388377,38.579039388377,5061.0,4806.536771686824,1952.48518344576,-254.46322831317593,-0.05027923894747598,336,-37.27357492745834,-37.76710128710155,-38.104821144190566
strict_recursive_7day,product,hybrid_zero_ge_0_6_recent28_mean,零销量比例 >=0.6-低销量用近28日均值,低销量序列使用窗口开始日前近 28 日均值，常规序列使用完整 Ridge,零销量比例 >=0.6,0.569078947368421,5.817257562260751,11.189747444458954,0.3862079709384731,38.62079709384731,5061.0,4734.3969879567,1954.5985409196123,-326.6030120432997,-0.06453329619507997,336,-37.23181722198803,-37.72534358163124,-38.063063438720256
strict_recursive_7day,product,ridge_full_external,完整综合Ridge,所有门店-商品序列均使用完整综合 Ridge,不适用,0.0,5.823261417760985,10.905221441722288,0.3866065671542563,38.66065671542563,5061.0,5018.373403211319,1956.6158363676911,-42.62659678868113,-0.008422564076008917,336,-37.19195760040971,-37.68548396005292,-38.02320381714193
strict_recursive_7day,product,hybrid_current_calibrated_to_q1_product,当前混合策略校准到问题一商品预测,以后处理方式将当前混合策略在日期-商品层面的预测总量按比例缩放到问题一指数平滑聚合预测；比例只使用两套模型预测值，不使用验证窗口真实销量,问题一商品聚合预测后处理校准,0.39473684210526316,5.859787476664745,11.241094125283201,0.389031533720481,38.9031533720481,5061.0,4725.982581500255,1968.8885921593542,-335.01741849974496,-0.06619589379564216,336,-36.94946094378724,-37.44298730343045,-37.78070716051946
strict_recursive_7day,product,hybrid_current_calibrated_to_q1_category,当前混合策略校准到问题一类别预测,以后处理方式将当前混合策略在日期-类别层面的预测总量按比例缩放到问题一指数平滑聚合预测；比例只使用两套模型预测值，不使用验证窗口真实销量,问题一类别聚合预测后处理校准,0.39473684210526316,5.877030485665034,11.243636482243481,0.3901762978034877,39.01762978034877,5061.0,4731.183801654772,1974.6822431834514,-329.81619834522826,-0.0651681877781522,336,-36.83498453548657,-37.32851089512978,-37.666230752218794
strict_recursive_7day,product,hybrid_zero_ge_0_6_category_mean,零销量比例 >=0.6-低销量用类别均值,低销量序列使用窗口开始日前同类别历史均值，常规序列使用完整 Ridge,零销量比例 >=0.6,0.569078947368421,5.882960674371204,11.104457734584537,0.3905700032777563,39.05700032777563,5061.0,4867.037882242809,1976.6747865887246,-193.96211775719075,-0.038324860256311155,336,-36.795613988059706,-37.28914034770292,-37.62686020479193
strict_recursive_7day,product,q1_store_product_exp_smoothing,问题一简单指数平滑,所有门店-商品序列均使用问题一指数平滑,不适用,0.0,5.883369771367517,11.257313988452806,0.3905971632443164,39.05971632443164,5061.0,4732.861663534108,1976.8122431794854,-328.1383364658923,-0.06483666004068213,336,-36.7928979914037,-37.28642435104691,-37.624144208135924
strict_recursive_7day,product,hybrid_current_calibrated_to_q1_store,当前混合策略校准到问题一门店预测,以后处理方式将当前混合策略在日期-门店层面的预测总量按比例缩放到问题一指数平滑聚合预测；比例只使用两套模型预测值，不使用验证窗口真实销量,问题一门店聚合预测后处理校准,0.39473684210526316,5.889740580074733,11.588243016228951,0.39102012149873744,39.102012149873744,5061.0,4737.457656066737,1978.9528349051102,-323.5423439332626,-0.06392854059143699,336,-36.750602165961595,-37.24412852560481,-37.58184838269382
strict_recursive_7day,product,hybrid_current_calibrated_to_q1_overall,当前混合策略校准到问题一总量预测,以后处理方式将当前混合策略在日期-总量层面的预测总量按比例缩放到问题一指数平滑聚合预测；比例只使用两套模型预测值，不使用验证窗口真实销量,问题一总量聚合预测后处理校准,0.39473684210526316,5.901976296521327,11.6713350820255,0.39183245122133287,39.183245122133286,5061.0,4732.861663534109,1983.0640356311658,-328.13833646589137,-0.06483666004068195,336,-36.66936919370205,-37.162895553345265,-37.50061541043428
strict_recursive_7day,product,hybrid_avg_lt_0_2_product_mean,历史均值 <0.2-低销量用商品均值,低销量序列使用窗口开始日前同商品历史均值，常规序列使用完整 Ridge,历史均值 <0.2,0.22039473684210525,5.909922962404742,11.012464820286425,0.39236003069907,39.236003069907,5061.0,5299.123297528637,1985.7341153679931,238.1232975286366,0.04705064167726469,336,-36.61661124592834,-37.11013760557155,-37.447857462660565
strict_recursive_7day,product,hybrid_avg_lt_0_3_product_mean,历史均值 <0.3-低销量用商品均值,低销量序列使用窗口开始日前同商品历史均值，常规序列使用完整 Ridge,历史均值 <0.3,0.27631578947368424,5.949535976148892,11.09433439412409,0.39498994032523765,39.49899403252377,5061.0,5308.099470909442,1999.0440879860278,247.09947090944206,0.04882423847252362,336,-36.35362028331157,-36.84714664295478,-37.184866500043796
strict_recursive_7day,product,hybrid_avg_lt_0_3_or_zero_ge_0_75_product_mean,历史均值 <0.3 或零销量比例 >=0.75-低销量用商品均值,低销量序列使用窗口开始日前同商品历史均值，常规序列使用完整 Ridge,历史均值 <0.3 或零销量比例 >=0.75,0.35855263157894735,5.954244334032173,11.084468970279007,0.3953025284004762,39.530252840047616,5061.0,5259.364786118431,2000.6260962348101,198.36478611843086,0.03919478089674587,336,-36.32236147578772,-36.815887835430935,-37.15360769251995
strict_recursive_7day,product,hybrid_zero_ge_0_75_product_mean,零销量比例 >=0.75-低销量用商品均值,低销量序列使用窗口开始日前同商品历史均值，常规序列使用完整 Ridge,零销量比例 >=0.75,0.35855263157894735,5.954244334032173,11.084468970279007,0.3953025284004762,39.530252840047616,5061.0,5259.364786118431,2000.6260962348101,198.36478611843086,0.03919478089674587,336,-36.32236147578772,-36.815887835430935,-37.15360769251995
strict_recursive_7day,product,hybrid_current_rule_product_mean,当前低销量规则-低销量用商品均值,低销量序列使用窗口开始日前同商品历史均值，常规序列使用完整 Ridge,当前低销量规则,0.39473684210526316,5.977657422767267,11.088470976443908,0.39685692433309655,39.685692433309654,5061.0,5245.194475951385,2008.4928940498016,184.19447595138536,0.03639487768254996,336,-36.166921882525685,-36.6604482421689,-36.99816809925791
strict_recursive_7day,product,hybrid_avg_lt_0_2_category_mean,历史均值 <0.2-低销量用类别均值,低销量序列使用窗口开始日前同类别历史均值，常规序列使用完整 Ridge,历史均值 <0.2,0.22039473684210525,5.9884425507303805,11.024957158203867,0.39757294942608334,39.75729494260833,5061.0,5338.61728181056,2012.1166970454078,277.6172818105597,0.05485423469878674,336,-36.09531937322701,-36.58884573287022,-36.92656558995923
strict_recursive_7day,product,hybrid_avg_lt_0_3_or_zero_ge_0_75_category_mean,历史均值 <0.3 或零销量比例 >=0.75-低销量用类别均值,低销量序列使用窗口开始日前同类别历史均值，常规序列使用完整 Ridge,历史均值 <0.3 或零销量比例 >=0.75,0.35855263157894735,6.037386740955861,11.08310872752486,0.40082235624603224,40.08223562460322,5061.0,5310.342057613372,2028.5619449611693,249.34205761337216,0.04926734985445014,336,-35.77037869123212,-36.26390505087533,-36.60162490796434
strict_recursive_7day,product,hybrid_zero_ge_0_75_category_mean,零销量比例 >=0.75-低销量用类别均值,低销量序列使用窗口开始日前同类别历史均值，常规序列使用完整 Ridge,零销量比例 >=0.75,0.35855263157894735,6.037386740955861,11.08310872752486,0.40082235624603224,40.08223562460322,5061.0,5310.342057613372,2028.5619449611693,249.34205761337216,0.04926734985445014,336,-35.77037869123212,-36.26390505087533,-36.60162490796434
strict_recursive_7day,product,hybrid_avg_lt_0_3_category_mean,历史均值 <0.3-低销量用类别均值,低销量序列使用窗口开始日前同类别历史均值，常规序列使用完整 Ridge,历史均值 <0.3,0.27631578947368424,6.049329467386214,11.10974746929431,0.40161523434929225,40.16152343492922,5061.0,5358.079420791817,2032.574701041768,297.07942079181703,0.05869974724201087,336,-35.69109088090612,-36.18461724054933,-36.52233709763834
strict_recursive_7day,product,hybrid_current_rule_category_mean,当前低销量规则-低销量用类别均值,低销量序列使用窗口开始日前同类别历史均值，常规序列使用完整 Ridge,当前低销量规则,0.39473684210526316,6.065844380594019,11.089549472943176,0.4027116601224245,40.271166012242446,5061.0,5306.738103504835,2038.1237118795902,245.73810350483473,0.04855524669133269,336,-35.58144830359289,-36.074974663236105,-36.41269452032512
strict_recursive_7day,store,hybrid_avg_lt_0_3_recent28_mean,历史均值 <0.3-低销量用近28日均值,低销量序列使用窗口开始日前近 28 日均值，常规序列使用完整 Ridge,历史均值 <0.3,0.27631578947368424,9.370137174240837,14.52799118852459,0.3628822142167959,36.28822142167959,5061.0,4951.571324065924,1836.546886151204,-109.42867593407573,-0.021621947428191214,196,-39.56439289415575,-40.057919253798964,-40.39563911088798
strict_recursive_7day,store,hybrid_avg_lt_0_2_recent28_mean,历史均值 <0.2-低销量用近28日均值,低销量序列使用窗口开始日前近 28 日均值，常规序列使用完整 Ridge,历史均值 <0.2,0.22039473684210525,9.372610054230117,14.464047921395366,0.3629779827364361,36.29779827364361,5061.0,4953.822745552905,1837.031570629103,-107.17725444709504,-0.021177090386701253,196,-39.55481604219173,-40.048342401834944,-40.38606225892396
strict_recursive_7day,store,hybrid_avg_lt_0_3_or_zero_ge_0_75_recent28_mean,历史均值 <0.3 或零销量比例 >=0.75-低销量用近28日均值,低销量序列使用窗口开始日前近 28 日均值，常规序列使用完整 Ridge,历史均值 <0.3 或零销量比例 >=0.75,0.35855263157894735,9.435002436742213,14.74275455322529,0.3653942852403623,36.53942852403623,5061.0,4840.749136079239,1849.2604776014737,-220.25086392076082,-0.043519238079581274,196,-39.31318579179911,-39.80671215144232,-40.14443200853133
strict_recursive_7day,store,hybrid_zero_ge_0_75_recent28_mean,零销量比例 >=0.75-低销量用近28日均值,低销量序列使用窗口开始日前近 28 日均值，常规序列使用完整 Ridge,零销量比例 >=0.75,0.35855263157894735,9.435002436742213,14.74275455322529,0.3653942852403623,36.53942852403623,5061.0,4840.749136079239,1849.2604776014737,-220.25086392076082,-0.043519238079581274,196,-39.31318579179911,-39.80671215144232,-40.14443200853133
strict_recursive_7day,store,hybrid_current_rule_recent28_mean,当前低销量规则-低销量用近28日均值,低销量序列使用窗口开始日前近 28 日均值，常规序列使用完整 Ridge,当前低销量规则,0.39473684210526316,9.442143336146552,14.794047803554957,0.3656708345948872,36.56708345948872,5061.0,4837.885668517885,1850.6600938847241,-223.11433148211472,-0.04408502894331451,196,-39.28553085634662,-39.77905721598983,-40.11677707307884
strict_recursive_7day,store,hybrid_avg_lt_0_3_q1_exp_smoothing,历史均值 <0.3-低销量用指数平滑,低销量序列使用问题一门店-商品指数平滑，常规序列使用完整 Ridge,历史均值 <0.3,0.27631578947368424,9.500928209480502,14.543766541140453,0.36794742719979817,36.794742719979816,5061.0,4987.332277908508,1862.1819290581784,-73.66772209149167,-0.014555961685732399,196,-39.057871595855524,-39.551397955498736,-39.88911781258775
strict_recursive_7day,store,hybrid_avg_lt_0_2_q1_exp_smoothing,历史均值 <0.2-低销量用指数平滑,低销量序列使用问题一门店-商品指数平滑，常规序列使用完整 Ridge,历史均值 <0.2,0.22039473684210525,9.507433492181491,14.489218778986848,0.36819936069305914,36.81993606930591,5061.0,4987.946372817154,1863.4569644675723,-73.05362718284596,-0.014434623035535657,196,-39.03267824652943,-39.52620460617264,-39.863924463261654
strict_recursive_7day,store,ridge_full_external,完整综合Ridge,所有门店-商品序列均使用完整综合 Ridge,不适用,0.0,9.52705500085687,14.447078843659094,0.3689592531452177,36.89592531452177,5061.0,5018.373403211319,1867.3027801679468,-42.62659678868113,-0.008422564076008917,196,-38.95668900131357,-39.45021536095678,-39.787935218045796
strict_recursive_7day,store,hybrid_zero_ge_0_6_recent28_mean,零销量比例 >=0.6-低销量用近28日均值,低销量序列使用窗口开始日前近 28 日均值，常规序列使用完整 Ridge,零销量比例 >=0.6,0.569078947368421,9.541445049962759,15.15690287961709,0.3695165441202728,36.95165441202728,5061.0,4734.396987956701,1870.1232297927006,-326.6030120432988,-0.06453329619507979,196,-38.90095990380806,-39.39448626345127,-39.73220612054028
strict_recursive_7day,store,hybrid_avg_lt_0_3_or_zero_ge_0_75_q1_exp_smoothing,历史均值 <0.3 或零销量比例 >=0.75-低销量用指数平滑,低销量序列使用问题一门店-商品指数平滑，常规序列使用完整 Ridge,历史均值 <0.3 或零销量比例 >=0.75,0.35855263157894735,9.576305112638984,14.69661057758999,0.37086658804134376,37.08665880413437,5061.0,4944.742068475938,1876.9558020772408,-116.25793152406186,-0.022971336005544726,196,-38.765955511700966,-39.25948187134418,-39.59720172843319
strict_recursive_7day,store,hybrid_zero_ge_0_75_q1_exp_smoothing,零销量比例 >=0.75-低销量用指数平滑,低销量序列使用问题一门店-商品指数平滑，常规序列使用完整 Ridge,零销量比例 >=0.75,0.35855263157894735,9.576305112638984,14.69661057758999,0.37086658804134376,37.08665880413437,5061.0,4944.742068475938,1876.9558020772408,-116.25793152406186,-0.022971336005544726,196,-38.765955511700966,-39.25948187134418,-39.59720172843319
strict_recursive_7day,store,hybrid_current_q1_regular_ridge,当前混合策略：低销量指数平滑-常规Ridge,低销量序列使用问题一门店-商品指数平滑，常规序列使用完整 Ridge,当前低销量规则,0.39473684210526316,9.586095962744132,14.747672305742858,0.37124576342577553,37.124576342577555,5061.0,4939.716280498767,1878.8748086978499,-121.28371950123255,-0.023964378482756878,196,-38.728037973257784,-39.221564332900996,-39.55928418999001
strict_recursive_7day,store,hybrid_avg_lt_0_3_q1_hierarchy_blend,历史均值 <0.3-低销量指数平滑+层级收缩,低销量序列使用 70% 指数平滑 + 30% 层级收缩目标，常规序列使用完整 Ridge,历史均值 <0.3,0.27631578947368424,9.622210187375881,14.56230469087721,0.37264437793433564,37.264437793433565,5061.0,5033.082010775204,1885.9531967256726,-27.917989224795747,-0.00551629899719339,196,-38.588176522401774,-39.081702882044986,-39.419422739134
strict_recursive_7day,store,hybrid_avg_lt_0_2_q1_hierarchy_blend,历史均值 <0.2-低销量指数平滑+层级收缩,低销量序列使用 70% 指数平滑 + 30% 层级收缩目标，常规序列使用完整 Ridge,历史均值 <0.2,0.22039473684210525,9.629657141401001,14.512288989639096,0.3729327800265948,37.29327800265948,5061.0,5031.874006491154,1887.4127997145963,-29.125993508845568,-0.0057549878499991245,196,-38.55933631317586,-39.052862672819074,-39.39058252990809
strict_recursive_7day,store,hybrid_zero_ge_0_6_q1_exp_smoothing,零销量比例 >=0.6-低销量用指数平滑,低销量序列使用问题一门店-商品指数平滑，常规序列使用完整 Ridge,零销量比例 >=0.6,0.569078947368421,9.672544608207453,15.035512058773211,0.37459370543542,37.459370543542,5061.0,4926.1348077500425,1895.8187432086606,-134.86519224995754,-0.02664793365934747,196,-38.39324377229334,-38.88677013193655,-39.224489989025564
strict_recursive_7day,store,hybrid_avg_lt_0_3_or_zero_ge_0_75_q1_hierarchy_blend,历史均值 <0.3 或零销量比例 >=0.75-低销量指数平滑+层级收缩,低销量序列使用 70% 指数平滑 + 30% 层级收缩目标，常规序列使用完整 Ridge,历史均值 <0.3 或零销量比例 >=0.75,0.35855263157894735,9.685455556693832,14.73399214317118,0.37509371450543194,37.50937145054319,5061.0,4979.395172552504,1898.349289111991,-81.60482744749606,-0.01612424964384431,196,-38.34324286529215,-38.83676922493536,-39.17448908202437
strict_recursive_7day,store,hybrid_zero_ge_0_75_q1_hierarchy_blend,零销量比例 >=0.75-低销量指数平滑+层级收缩,低销量序列使用 70% 指数平滑 + 30% 层级收缩目标，常规序列使用完整 Ridge,零销量比例 >=0.75,0.35855263157894735,9.685455556693832,14.73399214317118,0.37509371450543194,37.50937145054319,5061.0,4979.395172552504,1898.349289111991,-81.60482744749606,-0.01612424964384431,196,-38.34324286529215,-38.83676922493536,-39.17448908202437
strict_recursive_7day,store,hybrid_current_rule_q1_hierarchy_blend,当前低销量规则-低销量指数平滑+层级收缩,低销量序列使用 70% 指数平滑 + 30% 层级收缩目标，常规序列使用完整 Ridge,当前低销量规则,0.39473684210526316,9.693015922542147,14.788303179521636,0.375386508756819,37.5386508756819,5061.0,4973.956035672734,1899.8311208182608,-87.04396432726571,-0.01719896548651763,196,-38.31396344015344,-38.80748979979665,-39.14520965688566
strict_recursive_7day,store,hybrid_zero_ge_0_6_q1_hierarchy_blend,零销量比例 >=0.6-低销量指数平滑+层级收缩,低销量序列使用 70% 指数平滑 + 30% 层级收缩目标，常规序列使用完整 Ridge,零销量比例 >=0.6,0.569078947368421,9.694040637919457,15.04961807709263,0.37542619344639666,37.54261934463967,5061.0,4883.0644960049185,1900.0319650322135,-177.9355039950815,-0.035158171111456527,196,-38.30999497119567,-38.80352133083888,-39.141241187927896
strict_recursive_7day,store,hybrid_current_calibrated_to_q1_store,当前混合策略校准到问题一门店预测,以后处理方式将当前混合策略在日期-门店层面的预测总量按比例缩放到问题一指数平滑聚合预测；比例只使用两套模型预测值，不使用验证窗口真实销量,问题一门店聚合预测后处理校准,0.39473684210526316,9.786722211689481,15.924845952294218,0.3790155213379052,37.901552133790524,5061.0,4737.457656066737,1918.1975534911385,-323.5423439332626,-0.06392854059143699,196,-37.951062182044815,-38.44458854168803,-38.78230839877704
strict_recursive_7day,store,q1_store_product_exp_smoothing,问题一简单指数平滑,所有门店-商品序列均使用问题一指数平滑,不适用,0.0,9.810171153182491,15.963126120538085,0.3799236407871504,37.99236407871504,5061.0,4732.861663534108,1922.7935460237682,-328.1383364658923,-0.06483666004068213,196,-37.8602502371203,-38.35377659676351,-38.69149645385252
strict_recursive_7day,store,hybrid_current_calibrated_to_q1_overall,当前混合策略校准到问题一总量预测,以后处理方式将当前混合策略在日期-总量层面的预测总量按比例缩放到问题一指数平滑聚合预测；比例只使用两套模型预测值，不使用验证窗口真实销量,问题一总量聚合预测后处理校准,0.39473684210526316,9.811562313522812,15.827513676403717,0.37997751698290283,37.99775169829028,5061.0,4732.8616635341095,1923.0662134504712,-328.13833646589046,-0.06483666004068177,196,-37.85486261754506,-38.34838897718827,-38.686108834277285
strict_recursive_7day,store,hybrid_current_calibrated_to_q1_category,当前混合策略校准到问题一类别预测,以后处理方式将当前混合策略在日期-类别层面的预测总量按比例缩放到问题一指数平滑聚合预测；比例只使用两套模型预测值，不使用验证窗口真实销量,问题一类别聚合预测后处理校准,0.39473684210526316,9.812231096377806,15.82931935334549,0.3800034172871073,38.00034172871073,5061.0,4731.183801654771,1923.19729489005,-329.81619834522917,-0.06516818777815238,196,-37.85227258712461,-38.34579894676782,-38.683518803856835
strict_recursive_7day,store,hybrid_current_calibrated_to_q1_product,当前混合策略校准到问题一商品预测,以后处理方式将当前混合策略在日期-商品层面的预测总量按比例缩放到问题一指数平滑聚合预测；比例只使用两套模型预测值，不使用验证窗口真实销量,问题一商品聚合预测后处理校准,0.39473684210526316,9.818272877241004,15.84075473728977,0.3802374005017263,38.02374005017263,5061.0,4725.982581500255,1924.3814839392367,-335.01741849974496,-0.06619589379564216,196,-37.82887426566271,-38.322400625305924,-38.66012048239494
strict_recursive_7day,store,hybrid_avg_lt_0_2_hierarchy_shrink,历史均值 <0.2-低销量用层级收缩均值,低销量序列使用近28日、商品均值、类别均值的层级收缩目标，常规序列使用完整 Ridge,历史均值 <0.2,0.22039473684210525,9.998338112992196,14.648094502608902,0.3872108812777061,38.72108812777061,5061.0,5134.371818397156,1959.6742701464705,73.37181839715595,0.014497494249586237,196,-37.13152618806473,-37.625052547707945,-37.96277240479696
strict_recursive_7day,store,hybrid_avg_lt_0_3_hierarchy_shrink,历史均值 <0.3-低销量用层级收缩均值,低销量序列使用近28日、商品均值、类别均值的层级收缩目标，常规序列使用完整 Ridge,历史均值 <0.3,0.27631578947368424,10.026405009039966,14.712448279361059,0.3882978426737469,38.82978426737469,5061.0,5139.831387464157,1965.1753817718331,78.83138746415716,0.015576247276063458,196,-37.02283004846065,-37.51635640810386,-37.85407626519287
strict_recursive_7day,store,hybrid_avg_lt_0_3_or_zero_ge_0_75_hierarchy_shrink,历史均值 <0.3 或零销量比例 >=0.75-低销量用层级收缩均值,低销量序列使用近28日、商品均值、类别均值的层级收缩目标，常规序列使用完整 Ridge,历史均值 <0.3 或零销量比例 >=0.75,0.35855263157894735,10.209986645726536,15.018612615311916,0.395407504952065,39.5407504952065,5061.0,5060.252415397825,2001.157382562401,-0.7475846021752659,-0.00014771479987655916,196,-36.31186382062884,-36.80539018027205,-37.14311003736106
strict_recursive_7day,store,hybrid_zero_ge_0_75_hierarchy_shrink,零销量比例 >=0.75-低销量用层级收缩均值,低销量序列使用近28日、商品均值、类别均值的层级收缩目标，常规序列使用完整 Ridge,零销量比例 >=0.75,0.35855263157894735,10.209986645726536,15.018612615311916,0.395407504952065,39.5407504952065,5061.0,5060.252415397825,2001.157382562401,-0.7475846021752659,-0.00014771479987655916,196,-36.31186382062884,-36.80539018027205,-37.14311003736106
strict_recursive_7day,store,hybrid_current_rule_hierarchy_shrink,当前低销量规则-低销量用层级收缩均值,低销量序列使用近28日、商品均值、类别均值的层级收缩目标，常规序列使用完整 Ridge,当前低销量规则,0.39473684210526316,10.214725797448796,15.079933784898676,0.39559104056509864,39.55910405650987,5061.0,5053.848797745326,2002.0862562999641,-7.15120225467399,-0.001413001828625566,196,-36.29351025932547,-36.787036618968685,-37.1247564760577
strict_recursive_7day,store,hybrid_zero_ge_0_6_hierarchy_shrink,零销量比例 >=0.6-低销量用层级收缩均值,低销量序列使用近28日、商品均值、类别均值的层级收缩目标，常规序列使用完整 Ridge,零销量比例 >=0.6,0.569078947368421,10.394131684792306,15.602857229399211,0.4025389864096605,40.25389864096605,5061.0,4782.56710193296,2037.249810219292,-278.4328980670398,-0.05501539183304481,196,-35.59871567486929,-36.0922420345125,-36.429961891601515
strict_recursive_7day,store,hybrid_avg_lt_0_2_category_mean,历史均值 <0.2-低销量用类别均值,低销量序列使用窗口开始日前同类别历史均值，常规序列使用完整 Ridge,历史均值 <0.2,0.22039473684210525,10.709261670814156,15.105639510662028,0.4147431905709493,41.47431905709493,5061.0,5338.617281810559,2099.0152874795745,277.6172818105588,0.05485423469878656,196,-34.37829525874041,-34.87182161838362,-35.20954147547263
strict_recursive_7day,store,hybrid_avg_lt_0_2_product_mean,历史均值 <0.2-低销量用商品均值,低销量序列使用窗口开始日前同商品历史均值，常规序列使用完整 Ridge,历史均值 <0.2,0.22039473684210525,10.765101362919737,15.169282964475544,0.4169057235985513,41.69057235985513,5061.0,5299.123297528637,2109.9598671322683,238.1232975286366,0.04705064167726469,196,-34.16204195598021,-34.65556831562342,-34.99328817271243
strict_recursive_7day,store,hybrid_avg_lt_0_3_category_mean,历史均值 <0.3-低销量用类别均值,低销量序列使用窗口开始日前同类别历史均值，常规序列使用完整 Ridge,历史均值 <0.3,0.27631578947368424,10.819567236944035,15.221780755806474,0.41901505205315764,41.901505205315765,5061.0,5358.079420791815,2120.635178441031,297.0794207918152,0.05869974724201051,196,-33.951109110519575,-34.44463547016279,-34.7823553272518
strict_recursive_7day,store,hybrid_avg_lt_0_3_product_mean,历史均值 <0.3-低销量用商品均值,低销量序列使用窗口开始日前同商品历史均值，常规序列使用完整 Ridge,历史均值 <0.3,0.27631578947368424,10.878774024561798,15.29545237719644,0.42130798435370725,42.13079843537073,5061.0,5308.099470909441,2132.2397088141124,247.09947090944115,0.04882423847252344,196,-33.72181588046461,-34.21534224010782,-34.553062097196836
strict_recursive_7day,store,hybrid_current_rule_category_mean,当前低销量规则-低销量用类别均值,低销量序列使用窗口开始日前同类别历史均值，常规序列使用完整 Ridge,当前低销量规则,0.39473684210526316,11.185154305872866,15.864407863959249,0.43317333411402525,43.31733341140252,5061.0,5306.738103504835,2192.2902439510817,245.73810350483473,0.04855524669133269,196,-32.53528090443282,-33.02880726407603,-33.36652712116504
strict_recursive_7day,store,hybrid_avg_lt_0_3_or_zero_ge_0_75_category_mean,历史均值 <0.3 或零销量比例 >=0.75-低销量用类别均值,低销量序列使用窗口开始日前同类别历史均值，常规序列使用完整 Ridge,历史均值 <0.3 或零销量比例 >=0.75,0.35855263157894735,11.185472327989508,15.798056280638379,0.43318565032324513,43.318565032324514,5061.0,5310.342057613372,2192.3525762859435,249.34205761337216,0.04926734985445014,196,-32.534049283510825,-33.02757564315404,-33.36529550024305
strict_recursive_7day,store,hybrid_zero_ge_0_75_category_mean,零销量比例 >=0.75-低销量用类别均值,低销量序列使用窗口开始日前同类别历史均值，常规序列使用完整 Ridge,零销量比例 >=0.75,0.35855263157894735,11.185472327989508,15.798056280638379,0.43318565032324513,43.318565032324514,5061.0,5310.342057613372,2192.3525762859435,249.34205761337216,0.04926734985445014,196,-32.534049283510825,-33.02757564315404,-33.36529550024305
strict_recursive_7day,store,hybrid_avg_lt_0_3_or_zero_ge_0_75_product_mean,历史均值 <0.3 或零销量比例 >=0.75-低销量用商品均值,低销量序列使用窗口开始日前同商品历史均值，常规序列使用完整 Ridge,历史均值 <0.3 或零销量比例 >=0.75,0.35855263157894735,11.252153022967683,15.887883294823299,0.4357680285519988,43.57680285519988,5061.0,5259.364786118429,2205.421992501666,198.36478611842904,0.03919478089674551,196,-32.27581146063546,-32.76933782027867,-33.107057677367685
strict_recursive_7day,store,hybrid_zero_ge_0_75_product_mean,零销量比例 >=0.75-低销量用商品均值,低销量序列使用窗口开始日前同商品历史均值，常规序列使用完整 Ridge,零销量比例 >=0.75,0.35855263157894735,11.252153022967683,15.887883294823299,0.4357680285519988,43.57680285519988,5061.0,5259.364786118429,2205.421992501666,198.36478611842904,0.03919478089674551,196,-32.27581146063546,-32.76933782027867,-33.107057677367685
strict_recursive_7day,store,hybrid_current_rule_product_mean,当前低销量规则-低销量用商品均值,低销量序列使用窗口开始日前同商品历史均值，常规序列使用完整 Ridge,当前低销量规则,0.39473684210526316,11.255775840130838,15.957864922273908,0.4359083312913741,43.59083312913741,5061.0,5245.194475951384,2206.132064665644,184.19447595138445,0.03639487768254978,196,-32.26178118669793,-32.75530754634114,-33.093027403430156
strict_recursive_7day,store,hybrid_zero_ge_0_6_category_mean,零销量比例 >=0.6-低销量用类别均值,低销量序列使用窗口开始日前同类别历史均值，常规序列使用完整 Ridge,零销量比例 >=0.6,0.569078947368421,11.651955249716085,16.796543800512048,0.45125137896549156,45.125137896549155,5061.0,4867.03788224281,2283.7832289443527,-193.96211775718984,-0.038324860256310975,196,-30.727476419286184,-31.221002778929396,-31.55872263601841
strict_recursive_7day,store,hybrid_zero_ge_0_6_product_mean,零销量比例 >=0.6-低销量用商品均值,低销量序列使用窗口开始日前同商品历史均值，常规序列使用完整 Ridge,零销量比例 >=0.6,0.569078947368421,11.695226736596094,16.87212373239812,0.45292717652101055,45.292717652101054,5061.0,4806.536771686824,2292.2644403728345,-254.46322831317593,-0.05027923894747598,196,-30.559896663734285,-31.053423023377498,-31.39114288046651
strict_recursive_7day,store_product,hybrid_avg_lt_0_3_or_zero_ge_0_75_recent28_mean,历史均值 <0.3 或零销量比例 >=0.75-低销量用近28日均值,低销量序列使用窗口开始日前近 28 日均值，常规序列使用完整 Ridge,历史均值 <0.3 或零销量比例 >=0.75,0.35855263157894735,1.7826156014714474,3.701034512612314,0.749536850411231,74.9536850411231,5061.0,4840.749136079239,3793.40599993124,-220.25086392076082,-0.043519238079581274,2128,-0.8989292747122448,-1.392455634355457,-1.73017549144447
strict_recursive_7day,store_product,hybrid_zero_ge_0_75_recent28_mean,零销量比例 >=0.75-低销量用近28日均值,低销量序列使用窗口开始日前近 28 日均值，常规序列使用完整 Ridge,零销量比例 >=0.75,0.35855263157894735,1.7826156014714474,3.701034512612314,0.749536850411231,74.9536850411231,5061.0,4840.749136079239,3793.40599993124,-220.25086392076082,-0.043519238079581274,2128,-0.8989292747122448,-1.392455634355457,-1.73017549144447
strict_recursive_7day,store_product,hybrid_current_rule_recent28_mean,当前低销量规则-低销量用近28日均值,低销量序列使用窗口开始日前近 28 日均值，常规序列使用完整 Ridge,当前低销量规则,0.39473684210526316,1.7828339879524024,3.7003771963208614,0.7496286754322689,74.96286754322689,5061.0,4837.885668517885,3793.8707263627125,-223.11433148211472,-0.04408502894331451,2128,-0.8897467726084471,-1.3832731322516594,-1.7209929893406724
strict_recursive_7day,store_product,hybrid_zero_ge_0_6_recent28_mean,零销量比例 >=0.6-低销量用近28日均值,低销量序列使用窗口开始日前近 28 日均值，常规序列使用完整 Ridge,零销量比例 >=0.6,0.569078947368421,1.7881658262257965,3.7250640446936587,0.7518705548722575,75.18705548722575,5061.0,4734.396987956701,3805.216878208495,-326.6030120432988,-0.06453329619507979,2128,-0.6655588286095906,-1.1590851882528028,-1.4968050453418158
strict_recursive_7day,store_product,hybrid_avg_lt_0_2_recent28_mean,历史均值 <0.2-低销量用近28日均值,低销量序列使用窗口开始日前近 28 日均值，常规序列使用完整 Ridge,历史均值 <0.2,0.22039473684210525,1.7978361835073784,3.6951832448021404,0.7559366525397552,75.59366525397552,5061.0,4953.822745552905,3825.795398503701,-107.17725444709504,-0.021177090386701253,2128,-0.25894906185982336,-0.7524754215030356,-1.0901952785920486
strict_recursive_7day,store_product,hybrid_avg_lt_0_3_recent28_mean,历史均值 <0.3-低销量用近28日均值,低销量序列使用窗口开始日前近 28 日均值，常规序列使用完整 Ridge,历史均值 <0.3,0.27631578947368424,1.7987829595665252,3.6941037070737477,0.7563347437181517,75.63347437181517,5061.0,4951.571324065923,3827.8101379575655,-109.42867593407664,-0.02162194742819139,2128,-0.21913994402017067,-0.7126663036633829,-1.0503861607523959
strict_recursive_7day,store_product,hybrid_zero_ge_0_6_q1_hierarchy_blend,零销量比例 >=0.6-低销量指数平滑+层级收缩,低销量序列使用 70% 指数平滑 + 30% 层级收缩目标，常规序列使用完整 Ridge,零销量比例 >=0.6,0.569078947368421,1.8023567426482061,3.713942577651006,0.7578374132296745,75.78374132296744,5061.0,4883.064496004918,3835.4151483553824,-177.9355039950824,-0.03515817111145671,2128,-0.06887299286789528,-0.5623993525111075,-0.9001192096001205
strict_recursive_7day,store_product,hybrid_current_q1_regular_ridge,当前混合策略：低销量指数平滑-常规Ridge,低销量序列使用问题一门店-商品指数平滑，常规序列使用完整 Ridge,当前低销量规则,0.39473684210526316,1.8039947417877944,3.7184078607622046,0.7585261431583534,75.85261431583534,5061.0,4939.716280498767,3838.9008105244266,-121.28371950123255,-0.023964378482756878,2128,0.0,-0.49352635964321223,-0.8312462167322252
strict_recursive_7day,store_product,hybrid_current_calibrated_to_q1_store,当前混合策略校准到问题一门店预测,以后处理方式将当前混合策略在日期-门店层面的预测总量按比例缩放到问题一指数平滑聚合预测；比例只使用两套模型预测值，不使用验证窗口真实销量,问题一门店聚合预测后处理校准,0.39473684210526316,1.8039950708658645,3.7768434129422586,0.758526281525896,75.8526281525896,5061.0,4737.457656066737,3838.9015108025596,-323.5423439332626,-0.06392854059143699,2128,1.383675426325226e-05,-0.493512522888949,-0.831232379977962
strict_recursive_7day,store_product,hybrid_avg_lt_0_3_or_zero_ge_0_75_q1_exp_smoothing,历史均值 <0.3 或零销量比例 >=0.75-低销量用指数平滑,低销量序列使用问题一门店-商品指数平滑，常规序列使用完整 Ridge,历史均值 <0.3 或零销量比例 >=0.75,0.35855263157894735,1.8058711485560681,3.7190956089370255,0.7593151164053178,75.93151164053178,5061.0,4944.742068475938,3842.893804127313,-116.25793152406186,-0.022971336005544726,2128,0.07889732469644173,-0.4146290349467705,-0.7523488920357835
strict_recursive_7day,store_product,hybrid_zero_ge_0_75_q1_exp_smoothing,零销量比例 >=0.75-低销量用指数平滑,低销量序列使用问题一门店-商品指数平滑，常规序列使用完整 Ridge,零销量比例 >=0.75,0.35855263157894735,1.8058711485560681,3.7190956089370255,0.7593151164053178,75.93151164053178,5061.0,4944.742068475938,3842.893804127313,-116.25793152406186,-0.022971336005544726,2128,0.07889732469644173,-0.4146290349467705,-0.7523488920357835
strict_recursive_7day,store_product,hybrid_zero_ge_0_6_q1_exp_smoothing,零销量比例 >=0.6-低销量用指数平滑,低销量序列使用问题一门店-商品指数平滑，常规序列使用完整 Ridge,零销量比例 >=0.6,0.569078947368421,1.8066199440192203,3.727208288780237,0.7596299626304882,75.96299626304882,5061.0,4926.134807750043,3844.4872408729007,-134.86519224995664,-0.02664793365934729,2128,0.11038194721348304,-0.3831444124297292,-0.7208642695187422
strict_recursive_7day,store_product,hybrid_current_calibrated_to_q1_overall,当前混合策略校准到问题一总量预测,以后处理方式将当前混合策略在日期-总量层面的预测总量按比例缩放到问题一指数平滑聚合预测；比例只使用两套模型预测值，不使用验证窗口真实销量,问题一总量聚合预测后处理校准,0.39473684210526316,1.8111414728999589,3.7831411572317895,0.7615311310672026,76.15311310672026,5061.0,4732.861663534109,3854.1090543311125,-328.13833646589137,-0.06483666004068195,2128,0.30049879088491593,-0.1930275687582963,-0.5307474258473093
strict_recursive_7day,store_product,hybrid_current_rule_q1_hierarchy_blend,当前低销量规则-低销量指数平滑+层级收缩,低销量序列使用 70% 指数平滑 + 30% 层级收缩目标，常规序列使用完整 Ridge,当前低销量规则,0.39473684210526316,1.8134644781130733,3.7098594197242605,0.7625078856796326,76.25078856796326,5061.0,4973.956035672734,3859.0524094246202,-87.04396432726571,-0.01719896548651763,2128,0.3981742521279159,-0.09535210751529632,-0.4330719646043093
strict_recursive_7day,store_product,hybrid_avg_lt_0_2_q1_exp_smoothing,历史均值 <0.2-低销量用指数平滑,低销量序列使用问题一门店-商品指数平滑，常规序列使用完整 Ridge,历史均值 <0.2,0.22039473684210525,1.8135749403594048,3.7083607212088876,0.7625543317693763,76.25543317693763,5061.0,4987.946372817154,3859.2874730848134,-73.05362718284596,-0.014434623035535657,2128,0.4028188611022898,-0.09070749854092242,-0.4284273556299354
strict_recursive_7day,store_product,hybrid_avg_lt_0_3_or_zero_ge_0_75_q1_hierarchy_blend,历史均值 <0.3 或零销量比例 >=0.75-低销量指数平滑+层级收缩,低销量序列使用 70% 指数平滑 + 30% 层级收缩目标，常规序列使用完整 Ridge,历史均值 <0.3 或零销量比例 >=0.75,0.35855263157894735,1.8144979077592904,3.7105777088679672,0.7629424121145564,76.29424121145564,5061.0,4979.395172552504,3861.25154771177,-81.60482744749606,-0.01612424964384431,2128,0.44162689562030266,-0.05189946402290957,-0.38961932111192255
strict_recursive_7day,store_product,hybrid_zero_ge_0_75_q1_hierarchy_blend,零销量比例 >=0.75-低销量指数平滑+层级收缩,低销量序列使用 70% 指数平滑 + 30% 层级收缩目标，常规序列使用完整 Ridge,零销量比例 >=0.75,0.35855263157894735,1.8144979077592904,3.7105777088679672,0.7629424121145564,76.29424121145564,5061.0,4979.395172552504,3861.25154771177,-81.60482744749606,-0.01612424964384431,2128,0.44162689562030266,-0.05189946402290957,-0.38961932111192255
strict_recursive_7day,store_product,hybrid_avg_lt_0_3_q1_exp_smoothing,历史均值 <0.3-低销量用指数平滑,低销量序列使用问题一门店-商品指数平滑，常规序列使用完整 Ridge,历史均值 <0.3,0.27631578947368424,1.815597292309725,3.7084678323978317,0.7634046706253892,76.34046706253892,5061.0,4987.332277908508,3863.5910380350947,-73.66772209149167,-0.014555961685732399,2128,0.4878527467035809,-0.005673612939631312,-0.3433934700286443
strict_recursive_7day,store_product,q1_store_product_exp_smoothing,问题一简单指数平滑,所有门店-商品序列均使用问题一指数平滑,不适用,0.0,1.815732227249046,3.772464167389725,0.7634614067547855,76.34614067547855,5061.0,4732.861663534108,3863.8781795859695,-328.1383364658923,-0.06483666004068213,2128,0.49352635964321223,0.0,-0.337719857089013
strict_recursive_7day,store_product,hybrid_current_calibrated_to_q1_product,当前混合策略校准到问题一商品预测,以后处理方式将当前混合策略在日期-商品层面的预测总量按比例缩放到问题一指数平滑聚合预测；比例只使用两套模型预测值，不使用验证窗口真实销量,问题一商品聚合预测后处理校准,0.39473684210526316,1.815860506621453,3.7747053024877917,0.7635153444162126,76.35153444162125,5061.0,4725.982581500255,3864.151158090452,-335.01741849974496,-0.06619589379564216,2128,0.49892012578591505,0.005393766142702816,-0.33232609094631016
strict_recursive_7day,store_product,hybrid_current_calibrated_to_q1_category,当前混合策略校准到问题一类别预测,以后处理方式将当前混合策略在日期-类别层面的预测总量按比例缩放到问题一指数平滑聚合预测；比例只使用两套模型预测值，不使用验证窗口真实销量,问题一类别聚合预测后处理校准,0.39473684210526316,1.8183198108296543,3.7747087316111068,0.7645494087029252,76.45494087029252,5061.0,4731.183801654771,3869.3845574455045,-329.81619834522917,-0.06516818777815238,2128,0.6023265544571785,0.1088001948139663,-0.22891966227504668
strict_recursive_7day,store_product,ridge_full_external,完整综合Ridge,所有门店-商品序列均使用完整综合 Ridge,不适用,0.0,1.8237641830607354,3.702480935647709,0.7668386053256757,76.68386053256756,5061.0,5018.373403211319,3880.970181553245,-42.62659678868113,-0.008422564076008917,2128,0.8312462167322252,0.337719857089013,0.0
strict_recursive_7day,store_product,hybrid_avg_lt_0_2_q1_hierarchy_blend,历史均值 <0.2-低销量指数平滑+层级收缩,低销量序列使用 70% 指数平滑 + 30% 层级收缩目标，常规序列使用完整 Ridge,历史均值 <0.2,0.22039473684210525,1.825556674660243,3.704535366469296,0.7675922947395766,76.75922947395766,5061.0,5031.874006491154,3884.784603676997,-29.125993508845568,-0.0057549878499991245,2128,0.906615158122321,0.41308879847910873,0.07536894139009576
strict_recursive_7day,store_product,hybrid_avg_lt_0_3_q1_hierarchy_blend,历史均值 <0.3-低销量指数平滑+层级收缩,低销量序列使用 70% 指数平滑 + 30% 层级收缩目标，常规序列使用完整 Ridge,历史均值 <0.3,0.27631578947368424,1.8264482462720006,3.703337765056657,0.7679671740894719,76.79671740894719,5061.0,5033.082010775203,3886.6818680668175,-27.917989224796656,-0.00551629899719357,2128,0.944103093111849,0.4505767334686368,0.11285687637962383
strict_recursive_7day,store_product,hybrid_zero_ge_0_6_hierarchy_shrink,零销量比例 >=0.6-低销量用层级收缩均值,低销量序列使用近28日、商品均值、类别均值的层级收缩目标，常规序列使用完整 Ridge,零销量比例 >=0.6,0.569078947368421,1.8490052300669384,3.746878477899814,0.7774517149935675,77.74517149935674,5061.0,4782.567101932959,3934.683129582445,-278.4328980670407,-0.05501539183304499,2128,1.8925571835214043,1.399030823878192,1.0613109667891791
strict_recursive_7day,store_product,hybrid_avg_lt_0_2_hierarchy_shrink,历史均值 <0.2-低销量用层级收缩均值,低销量序列使用近28日、商品均值、类别均值的层级收缩目标，常规序列使用完整 Ridge,历史均值 <0.2,0.22039473684210525,1.860450809739776,3.7051485842723744,0.7822642408864342,78.22642408864343,5061.0,5134.371818397154,3959.0393231262433,73.37181839715413,0.014497494249585878,2128,2.3738097728080874,1.8802834131648751,1.5425635560758622
strict_recursive_7day,store_product,hybrid_avg_lt_0_3_hierarchy_shrink,历史均值 <0.3-低销量用层级收缩均值,低销量序列使用近28日、商品均值、类别均值的层级收缩目标，常规序列使用完整 Ridge,历史均值 <0.3,0.27631578947368424,1.861166399903389,3.7046998585885484,0.7825651252705813,78.25651252705813,5061.0,5139.831387464157,3960.562098994412,78.83138746415716,0.015576247276063458,2128,2.4038982112227956,1.9103718515795833,1.5726519944905704
strict_recursive_7day,store_product,hybrid_avg_lt_0_3_or_zero_ge_0_75_hierarchy_shrink,历史均值 <0.3 或零销量比例 >=0.75-低销量用层级收缩均值,低销量序列使用近28日、商品均值、类别均值的层级收缩目标，常规序列使用完整 Ridge,历史均值 <0.3 或零销量比例 >=0.75,0.35855263157894735,1.8679101413200783,3.726591932151082,0.7854006679962708,78.54006679962708,5061.0,5060.252415397824,3974.9127807291266,-0.7475846021761754,-0.00014771479987673886,2128,2.687452483791745,2.1939261241485326,1.8562062670595196
strict_recursive_7day,store_product,hybrid_zero_ge_0_75_hierarchy_shrink,零销量比例 >=0.75-低销量用层级收缩均值,低销量序列使用近28日、商品均值、类别均值的层级收缩目标，常规序列使用完整 Ridge,零销量比例 >=0.75,0.35855263157894735,1.8679101413200783,3.726591932151082,0.7854006679962708,78.54006679962708,5061.0,5060.252415397824,3974.9127807291266,-0.7475846021761754,-0.00014771479987673886,2128,2.687452483791745,2.1939261241485326,1.8562062670595196
strict_recursive_7day,store_product,hybrid_current_rule_hierarchy_shrink,当前低销量规则-低销量用层级收缩均值,低销量序列使用近28日、商品均值、类别均值的层级收缩目标，常规序列使用完整 Ridge,当前低销量规则,0.39473684210526316,1.8695419674970217,3.7261501389865583,0.7860868023777242,78.60868023777242,5061.0,5053.848797745325,3978.385306833662,-7.1512022546748995,-0.0014130018286257458,2128,2.756065921937079,2.262539562293867,1.924819705204854
strict_recursive_7day,store_product,hybrid_avg_lt_0_2_product_mean,历史均值 <0.2-低销量用商品均值,低销量序列使用窗口开始日前同商品历史均值，常规序列使用完整 Ridge,历史均值 <0.2,0.22039473684210525,1.9275542627704747,3.74340132921904,0.8104792474166311,81.04792474166311,5061.0,5299.123297528637,4101.83547117557,238.1232975286366,0.04705064167726469,2128,5.1953104258277705,4.701784066184558,4.364064209095545
strict_recursive_7day,store_product,hybrid_avg_lt_0_3_product_mean,历史均值 <0.3-低销量用商品均值,低销量序列使用窗口开始日前同商品历史均值，常规序列使用完整 Ridge,历史均值 <0.3,0.27631578947368424,1.9302603299509589,3.7498958717117237,0.8116170681951473,81.16170681951473,5061.0,5308.099470909441,4107.5939821356405,247.09947090944115,0.04882423847252344,2128,5.309092503679395,4.8155661440361825,4.47784628694717
strict_recursive_7day,store_product,hybrid_avg_lt_0_2_category_mean,历史均值 <0.2-低销量用类别均值,低销量序列使用窗口开始日前同类别历史均值，常规序列使用完整 Ridge,历史均值 <0.2,0.22039473684210525,1.9389523463505953,3.744867665782401,0.8152718026149115,81.52718026149115,5061.0,5338.617281810559,4126.090593034067,277.6172818105588,0.05485423469878656,2128,5.674565945655814,5.181039586012602,4.843319728923589
strict_recursive_7day,store_product,hybrid_avg_lt_0_3_category_mean,历史均值 <0.3-低销量用类别均值,低销量序列使用窗口开始日前同类别历史均值，常规序列使用完整 Ridge,历史均值 <0.3,0.27631578947368424,1.9455055496621687,3.75188865777665,0.8180272297334706,81.80272297334706,5061.0,5358.079420791817,4140.035809681095,297.07942079181703,0.05869974724201087,2128,5.95010865751172,5.456582297868508,5.118862440779495
strict_recursive_7day,store_product,hybrid_zero_ge_0_6_product_mean,零销量比例 >=0.6-低销量用商品均值,低销量序列使用窗口开始日前同商品历史均值，常规序列使用完整 Ridge,零销量比例 >=0.6,0.569078947368421,1.9539399311973717,3.8515761764161316,0.8215736363540816,82.15736363540816,5061.0,4806.536771686824,4157.984173588007,-254.46322831317593,-0.05027923894747598,2128,6.304749319572821,5.811222959929609,5.473503102840596
strict_recursive_7day,store_product,hybrid_avg_lt_0_3_or_zero_ge_0_75_product_mean,历史均值 <0.3 或零销量比例 >=0.75-低销量用商品均值,低销量序列使用窗口开始日前同商品历史均值，常规序列使用完整 Ridge,历史均值 <0.3 或零销量比例 >=0.75,0.35855263157894735,1.9679478438450917,3.8025436367990486,0.8274635470662627,82.74635470662626,5061.0,5259.36478611843,4187.793011702355,198.36478611842995,0.03919478089674569,2128,6.893740390790924,6.400214031147712,6.062494174058699
strict_recursive_7day,store_product,hybrid_zero_ge_0_75_product_mean,零销量比例 >=0.75-低销量用商品均值,低销量序列使用窗口开始日前同商品历史均值，常规序列使用完整 Ridge,零销量比例 >=0.75,0.35855263157894735,1.9679478438450917,3.8025436367990486,0.8274635470662627,82.74635470662626,5061.0,5259.36478611843,4187.793011702355,198.36478611842995,0.03919478089674569,2128,6.893740390790924,6.400214031147712,6.062494174058699
strict_recursive_7day,store_product,hybrid_current_rule_product_mean,当前低销量规则-低销量用商品均值,低销量序列使用窗口开始日前同商品历史均值，常规序列使用完整 Ridge,当前低销量规则,0.39473684210526316,1.9698242869896776,3.8024855385120673,0.8282525356083845,82.82525356083845,5061.0,5245.194475951385,4191.786082714034,184.19447595138536,0.03639487768254996,2128,6.9726392450031085,6.479112885359896,6.141393028270883
strict_recursive_7day,store_product,hybrid_zero_ge_0_6_category_mean,零销量比例 >=0.6-低销量用类别均值,低销量序列使用窗口开始日前同类别历史均值，常规序列使用完整 Ridge,零销量比例 >=0.6,0.569078947368421,1.9743139635051594,3.8535457643412574,0.8301403110727088,83.01403110727088,5061.0,4867.03788224281,4201.340114338979,-193.96211775718984,-0.038324860256310975,2128,7.161416791435542,6.66789043179233,6.330170574703317
strict_recursive_7day,store_product,hybrid_avg_lt_0_3_or_zero_ge_0_75_category_mean,历史均值 <0.3 或零销量比例 >=0.75-低销量用类别均值,低销量序列使用窗口开始日前同类别历史均值，常规序列使用完整 Ridge,历史均值 <0.3 或零销量比例 >=0.75,0.35855263157894735,1.9829624080291006,3.8014439405191798,0.833776724814449,83.3776724814449,5061.0,5310.342057613372,4219.744004285926,249.34205761337216,0.04926734985445014,2128,7.525058165609565,7.0315318059663525,6.6938119488773395
strict_recursive_7day,store_product,hybrid_zero_ge_0_75_category_mean,零销量比例 >=0.75-低销量用类别均值,低销量序列使用窗口开始日前同类别历史均值，常规序列使用完整 Ridge,零销量比例 >=0.75,0.35855263157894735,1.9829624080291006,3.8014439405191798,0.833776724814449,83.3776724814449,5061.0,5310.342057613372,4219.744004285926,249.34205761337216,0.04926734985445014,2128,7.525058165609565,7.0315318059663525,6.6938119488773395
strict_recursive_7day,store_product,hybrid_current_rule_category_mean,当前低销量规则-低销量用类别均值,低销量序列使用窗口开始日前同类别历史均值，常规序列使用完整 Ridge,当前低销量规则,0.39473684210526316,1.9877609079945509,3.801588344575614,0.8357943513559384,83.57943513559384,5061.0,5306.738103504835,4229.955212212404,245.73810350483473,0.04855524669133269,2128,7.726820819758501,7.233294460115289,6.895574603026276
