validation_mode,window_start,model,model_label,MAE,RMSE,WAPE,WAPE_pct,actual_sum,prediction_sum,abs_error_sum,bias,bias_pct_of_actual,n,current_window_WAPE_pct,WAPE_pct_point_change_vs_current_window
strict_recursive_7day,2022-03-01,hybrid_avg_lt_0_3_or_zero_ge_0_75_recent28_mean,历史均值 <0.3 或零销量比例 >=0.75-低销量用近28日均值,1.5997264035033836,3.4837791463191716,0.7169793147967987,71.69793147967987,1187.0,1024.496619643376,851.0544466638,-162.5033803566239,-0.13690259507718947,532,73.92797788154465,-2.230046401864783
strict_recursive_7day,2022-03-01,hybrid_zero_ge_0_75_recent28_mean,零销量比例 >=0.75-低销量用近28日均值,1.5997264035033836,3.4837791463191716,0.7169793147967987,71.69793147967987,1187.0,1024.496619643376,851.0544466638,-162.5033803566239,-0.13690259507718947,532,73.92797788154465,-2.230046401864783
strict_recursive_7day,2022-03-01,hybrid_current_rule_recent28_mean,当前低销量规则-低销量用近28日均值,1.6116644715926705,3.484829714782867,0.722329822145999,72.2329822145999,1187.0,1033.1878532449045,857.4054988873007,-153.81214675509545,-0.12958057856368616,532,73.92797788154465,-1.6949956669447488
strict_recursive_7day,2022-03-01,hybrid_current_calibrated_to_q1_store,当前混合策略校准到问题一门店预测,1.6218952956380375,3.5032671190798634,0.7269151619877303,72.69151619877303,1187.0,1029.6049881619874,862.8482972794359,-157.39501183801258,-0.13259899902107208,532,73.92797788154465,-1.236461682771619
strict_recursive_7day,2022-03-01,hybrid_zero_ge_0_6_recent28_mean,零销量比例 >=0.6-低销量用近28日均值,1.6266837348442782,3.527539324999753,0.7290612863834507,72.90612863834507,1187.0,1024.6097586765477,865.395746937156,-162.3902413234523,-0.13680727996921002,532,73.92797788154465,-1.0218492431995827
strict_recursive_7day,2022-03-01,hybrid_avg_lt_0_2_recent28_mean,历史均值 <0.2-低销量用近28日均值,1.6271860956865882,3.4559479013401946,0.7292864388418407,72.92864388418407,1187.0,1046.2921305250263,865.663002905265,-140.70786947497368,-0.11854074934707133,532,73.92797788154465,-0.9993339973605799
strict_recursive_7day,2022-03-01,hybrid_avg_lt_0_3_recent28_mean,历史均值 <0.3-低销量用近28日均值,1.6278618300236412,3.4577538543772683,0.7295892953433674,72.95892953433673,1187.0,1045.812135939469,866.0224935725771,-141.18786406053096,-0.1189451255775324,532,73.92797788154465,-0.9690483472079165
strict_recursive_7day,2022-03-01,ridge_full_external,完整综合Ridge,1.6296503057074327,3.443245249976789,0.7303908699548056,73.03908699548056,1187.0,1051.7672202427993,866.9739626363543,-135.23277975720066,-0.11392820535568716,532,73.92797788154465,-0.8888908860640896
strict_recursive_7day,2022-03-01,hybrid_avg_lt_0_2_q1_exp_smoothing,历史均值 <0.2-低销量用指数平滑,1.6365890520622195,3.4575459579333465,0.7335007377397648,73.35007377397648,1187.0,1051.9620343789902,870.6653756971008,-135.0379656210098,-0.11376408224179427,532,73.92797788154465,-0.5779041075681732
strict_recursive_7day,2022-03-01,hybrid_avg_lt_0_3_or_zero_ge_0_75_q1_exp_smoothing,历史均值 <0.3 或零销量比例 >=0.75-低销量用指数平滑,1.6415927725806285,3.4894242356676135,0.735743348789296,73.5743348789296,1187.0,1053.236620585753,873.3273550128944,-133.76337941424708,-0.1126902943675207,532,73.92797788154465,-0.3536430026150441
strict_recursive_7day,2022-03-01,hybrid_zero_ge_0_75_q1_exp_smoothing,零销量比例 >=0.75-低销量用指数平滑,1.6415927725806285,3.4894242356676135,0.735743348789296,73.5743348789296,1187.0,1053.236620585753,873.3273550128944,-133.76337941424708,-0.1126902943675207,532,73.92797788154465,-0.3536430026150441
strict_recursive_7day,2022-03-01,hybrid_avg_lt_0_2_q1_hierarchy_blend,历史均值 <0.2-低销量指数平滑+层级收缩,1.64741579387012,3.4514543526357926,0.7383531611953696,73.83531611953697,1187.0,1065.3992627936163,876.4252023389038,-121.60073720638366,-0.10244375501801488,532,73.92797788154465,-0.09266176200767973
strict_recursive_7day,2022-03-01,hybrid_current_q1_regular_ridge,当前混合策略：低销量指数平滑-常规Ridge,1.6494832658908554,3.4902938206594945,0.7392797788154465,73.92797788154465,1187.0,1056.422472449697,877.525097453935,-130.5775275503031,-0.11000634165990152,532,73.92797788154465,0.0
strict_recursive_7day,2022-03-01,hybrid_avg_lt_0_3_q1_exp_smoothing,历史均值 <0.3-低销量用指数平滑,1.6507581159553009,3.4608018045571236,0.7398511522225948,73.98511522225948,1187.0,1064.1008812378784,878.2033176882201,-122.89911876212159,-0.10353758952158516,532,73.92797788154465,0.05713734071483145
strict_recursive_7day,2022-03-01,hybrid_current_calibrated_to_q1_overall,当前混合策略校准到问题一总量预测,1.6517273694620191,3.5267451783395387,0.7402855607024382,74.02855607024382,1187.0,1029.6049881619874,878.7189605537942,-157.39501183801258,-0.13259899902107208,532,73.92797788154465,0.10057818869917412
strict_recursive_7day,2022-03-01,hybrid_avg_lt_0_3_or_zero_ge_0_75_q1_hierarchy_blend,历史均值 <0.3 或零销量比例 >=0.75-低销量指数平滑+层级收缩,1.652137080798798,3.4915130544547135,0.7404691886983661,74.0469188698366,1187.0,1060.3214464832974,878.9369269849606,-126.67855351670255,-0.10672161206124899,532,73.92797788154465,0.11894098829195343
strict_recursive_7day,2022-03-01,hybrid_zero_ge_0_75_q1_hierarchy_blend,零销量比例 >=0.75-低销量指数平滑+层级收缩,1.652137080798798,3.4915130544547135,0.7404691886983661,74.0469188698366,1187.0,1060.3214464832974,878.9369269849606,-126.67855351670255,-0.10672161206124899,532,73.92797788154465,0.11894098829195343
strict_recursive_7day,2022-03-01,hybrid_avg_lt_0_3_q1_hierarchy_blend,历史均值 <0.3-低销量指数平滑+层级收缩,1.6567843162859266,3.454133007996302,0.742552027181224,74.2552027181224,1187.0,1073.5019207384844,881.409256264113,-113.49807926151561,-0.09561758994230464,532,73.92797788154465,0.3272248365777557
strict_recursive_7day,2022-03-01,hybrid_current_rule_q1_hierarchy_blend,当前低销量规则-低销量指数平滑+层级收缩,1.6610926288479853,3.4922456009172285,0.7444829642351543,74.44829642351543,1187.0,1064.6724321818215,883.7012785471281,-122.32756781817852,-0.10305608072298106,532,73.92797788154465,0.5203185419707808
strict_recursive_7day,2022-03-01,hybrid_zero_ge_0_6_q1_hierarchy_blend,零销量比例 >=0.6-低销量指数平滑+层级收缩,1.6709030189466871,3.531616568006983,0.7488798703282541,74.88798703282541,1187.0,1050.1762482835527,888.9204060796376,-136.8237517164473,-0.11526853556566749,532,73.92797788154465,0.960009151280758
strict_recursive_7day,2022-03-01,hybrid_zero_ge_0_6_q1_exp_smoothing,零销量比例 >=0.6-低销量用指数平滑,1.6723897162947987,3.5265591609594673,0.7495461912964052,74.95461912964052,1187.0,1052.5958075939736,889.7113290688329,-134.40419240602637,-0.1132301536697779,532,73.92797788154465,1.0266412480958707
strict_recursive_7day,2022-03-01,q1_store_product_exp_smoothing,问题一简单指数平滑,1.6857449465013419,3.5646786935498644,0.7555318547082678,75.55318547082678,1187.0,1029.6049881619874,896.8163115387139,-157.39501183801258,-0.13259899902107208,532,73.92797788154465,1.6252075892821267
strict_recursive_7day,2022-03-01,hybrid_avg_lt_0_2_hierarchy_shrink,历史均值 <0.2-低销量用层级收缩均值,1.6904968384386247,3.452534979223238,0.757661599030622,75.7661599030622,1187.0,1096.7527957610778,899.3443180493483,-90.24720423892222,-0.07602965816252925,532,73.92797788154465,1.8381820215175537
strict_recursive_7day,2022-03-01,hybrid_avg_lt_0_3_hierarchy_shrink,历史均值 <0.3-低销量用层级收缩均值,1.69135735416508,3.455347015985679,0.7580472724648885,75.80472724648885,1187.0,1095.4376795732317,899.8021124158225,-91.56232042676834,-0.07713759092398344,532,73.92797788154465,1.876749364944203
strict_recursive_7day,2022-03-01,hybrid_current_calibrated_to_q1_product,当前混合策略校准到问题一商品预测,1.7020412183988347,3.588091074479325,0.762835659804701,76.2835659804701,1187.0,1027.0143384883158,905.4859281881801,-159.98566151168416,-0.13478151770150307,532,73.92797788154465,2.355588098925452
strict_recursive_7day,2022-03-01,hybrid_current_calibrated_to_q1_category,当前混合策略校准到问题一类别预测,1.7042364431475931,3.5867854230579095,0.7638195347552817,76.38195347552818,1187.0,1027.4276275812151,906.6537877545195,-159.57237241878488,-0.13443333817926276,532,73.92797788154465,2.453975593983529
strict_recursive_7day,2022-03-01,hybrid_avg_lt_0_3_or_zero_ge_0_75_hierarchy_shrink,历史均值 <0.3 或零销量比例 >=0.75-低销量用层级收缩均值,1.705643009472629,3.5222989220760743,0.7644499419034866,76.44499419034865,1187.0,1076.8527069109011,907.4020810394386,-110.14729308909887,-0.0927946866799485,532,73.92797788154465,2.5170163088040027
strict_recursive_7day,2022-03-01,hybrid_zero_ge_0_75_hierarchy_shrink,零销量比例 >=0.75-低销量用层级收缩均值,1.705643009472629,3.5222989220760743,0.7644499419034866,76.44499419034865,1187.0,1076.8527069109011,907.4020810394386,-110.14729308909887,-0.0927946866799485,532,73.92797788154465,2.5170163088040027
strict_recursive_7day,2022-03-01,hybrid_zero_ge_0_6_hierarchy_shrink,零销量比例 >=0.6-低销量用层级收缩均值,1.7059540884566966,3.5793990127519777,0.7645893639923863,76.45893639923862,1187.0,1044.5306098925707,907.5675750589626,-142.46939010742926,-0.12002475998940966,532,73.92797788154465,2.530958517693975
strict_recursive_7day,2022-03-01,hybrid_current_rule_hierarchy_shrink,当前低销量规则-低销量用层级收缩均值,1.7170836852460558,3.523071935376988,0.7695775236317622,76.95775236317623,1187.0,1083.9223382234452,913.4885205509017,-103.0776617765548,-0.08683880520350026,532,73.92797788154465,3.029774481631577
strict_recursive_7day,2022-03-01,hybrid_avg_lt_0_3_product_mean,历史均值 <0.3-低销量用商品均值,1.7656316902454199,3.4939386516564928,0.7913361914158074,79.13361914158074,1187.0,1140.0802570648864,939.3160592105634,-46.91974293511362,-0.039528005842555704,532,73.92797788154465,5.205641260036089
strict_recursive_7day,2022-03-01,hybrid_avg_lt_0_2_product_mean,历史均值 <0.2-低销量用商品均值,1.7657669195529166,3.490005295963999,0.7913967996648287,79.13967996648287,1187.0,1143.2791357706153,939.3880012021516,-43.72086422938469,-0.03683307854202585,532,73.92797788154465,5.211702084938224
strict_recursive_7day,2022-03-01,hybrid_avg_lt_0_2_category_mean,历史均值 <0.2-低销量用类别均值,1.7757734016277131,3.491569229359738,0.7958815919679388,79.58815919679388,1187.0,1153.1149488369006,944.7114496659434,-33.88505116309943,-0.028546799631928757,532,73.92797788154465,5.660181315249233
strict_recursive_7day,2022-03-01,hybrid_avg_lt_0_3_category_mean,历史均值 <0.3-低销量用类别均值,1.7785894883786029,3.495345370938387,0.7971437302589862,79.71437302589862,1187.0,1152.5376724201558,946.2096078174167,-34.462327579844214,-0.02903313191225292,532,73.92797788154465,5.786395144353975
strict_recursive_7day,2022-03-01,hybrid_zero_ge_0_6_product_mean,零销量比例 >=0.6-低销量用商品均值,1.8187249647840364,3.722669472823595,0.8151319976959625,81.51319976959624,1187.0,1058.520226010835,967.5616812651074,-128.4797739891651,-0.10823906823013066,532,73.92797788154465,7.585221888051592
strict_recursive_7day,2022-03-01,hybrid_avg_lt_0_3_or_zero_ge_0_75_product_mean,历史均值 <0.3 或零销量比例 >=0.75-低销量用商品均值,1.8269085590250305,3.62703557816001,0.818799792250477,81.8799792250477,1187.0,1124.310520454058,971.9153534013162,-62.68947954594205,-0.05281337788200678,532,73.92797788154465,7.952001343503056
strict_recursive_7day,2022-03-01,hybrid_zero_ge_0_75_product_mean,零销量比例 >=0.75-低销量用商品均值,1.8269085590250305,3.62703557816001,0.818799792250477,81.8799792250477,1187.0,1124.310520454058,971.9153534013162,-62.68947954594205,-0.05281337788200678,532,73.92797788154465,7.952001343503056
strict_recursive_7day,2022-03-01,hybrid_zero_ge_0_6_category_mean,零销量比例 >=0.6-低销量用类别均值,1.8345978910195104,3.724315701772566,0.8222460640458127,82.22460640458127,1187.0,1073.3483137552316,976.0060780223796,-113.65168624476837,-0.0957469976788276,532,73.92797788154465,8.296628523036617
strict_recursive_7day,2022-03-01,hybrid_current_rule_product_mean,当前低销量规则-低销量用商品均值,1.835937568754131,3.627572614253488,0.8228464924828962,82.28464924828963,1187.0,1128.4981775176752,976.7187865771978,-58.50182248232477,-0.04928544438275044,532,73.92797788154465,8.356671366744976
strict_recursive_7day,2022-03-01,hybrid_avg_lt_0_3_or_zero_ge_0_75_category_mean,历史均值 <0.3 或零销量比例 >=0.75-低销量用类别均值,1.8386481829673713,3.6222680698434035,0.8240613591732447,82.40613591732448,1187.0,1136.5562047649782,978.1608333386415,-50.44379523502175,-0.042496878883758846,532,73.92797788154465,8.478158035779828
strict_recursive_7day,2022-03-01,hybrid_zero_ge_0_75_category_mean,零销量比例 >=0.75-低销量用类别均值,1.8386481829673713,3.6222680698434035,0.8240613591732447,82.40613591732448,1187.0,1136.5562047649782,978.1608333386415,-50.44379523502175,-0.042496878883758846,532,73.92797788154465,8.478158035779828
strict_recursive_7day,2022-03-01,hybrid_current_rule_category_mean,当前低销量规则-低销量用类别均值,1.8524628770176368,3.6234786197318036,0.8302529490929931,83.0252949092993,1187.0,1143.8947917284527,985.5102505733828,-43.105208271547326,-0.0363144130341595,532,73.92797788154465,9.097317027754656
strict_recursive_7day,2022-03-08,hybrid_current_rule_recent28_mean,当前低销量规则-低销量用近28日均值,1.9205595115266145,4.101316794805456,0.6885024663963335,68.85024663963335,1484.0,1320.8339365568906,1021.7376601321589,-163.16606344310935,-0.10995017752231089,532,70.69627335606543,-1.8460267164320783
strict_recursive_7day,2022-03-08,hybrid_avg_lt_0_3_or_zero_ge_0_75_recent28_mean,历史均值 <0.3 或零销量比例 >=0.75-低销量用近28日均值,1.926369225084185,4.104127970832066,0.6905851938981041,69.05851938981041,1484.0,1325.705612210082,1024.8284277447865,-158.2943877899179,-0.1066673772169258,532,70.69627335606543,-1.6377539662550191
strict_recursive_7day,2022-03-08,hybrid_zero_ge_0_75_recent28_mean,零销量比例 >=0.75-低销量用近28日均值,1.926369225084185,4.104127970832066,0.6905851938981041,69.05851938981041,1484.0,1325.705612210082,1024.8284277447865,-158.2943877899179,-0.1066673772169258,532,70.69627335606543,-1.6377539662550191
strict_recursive_7day,2022-03-08,hybrid_zero_ge_0_6_recent28_mean,零销量比例 >=0.6-低销量用近28日均值,1.9374597266983211,4.171760162909798,0.6945610340993981,69.4561034099398,1484.0,1231.967264222139,1030.7285746035068,-252.03273577786103,-0.16983337990421904,532,70.69627335606543,-1.2401699461256328
strict_recursive_7day,2022-03-08,hybrid_avg_lt_0_3_recent28_mean,历史均值 <0.3-低销量用近28日均值,1.9442627074453689,4.089591212681572,0.6969998385181512,69.69998385181512,1484.0,1374.3889011675783,1034.3477603609363,-109.6110988324217,-0.07386192643694185,532,70.69627335606543,-0.9962895042503135
strict_recursive_7day,2022-03-08,hybrid_avg_lt_0_2_recent28_mean,历史均值 <0.2-低销量用近28日均值,1.9516381325589982,4.094017841798452,0.699643858841905,69.9643858841905,1484.0,1381.5269130423144,1038.271486521387,-102.47308695768561,-0.06905194538927602,532,70.69627335606543,-0.7318874718749271
strict_recursive_7day,2022-03-08,hybrid_zero_ge_0_6_q1_exp_smoothing,零销量比例 >=0.6-低销量用指数平滑,1.9601661601780893,4.154335164958539,0.7027010762902585,70.27010762902584,1484.0,1346.8197519793766,1042.8083972147435,-137.18024802062337,-0.09243952022953057,532,70.69627335606543,-0.42616572703958866
strict_recursive_7day,2022-03-08,hybrid_zero_ge_0_6_q1_hierarchy_blend,零销量比例 >=0.6-低销量指数平滑+层级收缩,1.9627353562602265,4.152614801013522,0.7036221088480057,70.36221088480058,1484.0,1319.5937931876163,1044.1752095304405,-164.40620681238374,-0.11078585364715886,532,70.69627335606543,-0.33406247126485766
strict_recursive_7day,2022-03-08,hybrid_current_q1_regular_ridge,当前混合策略：低销量指数平滑-常规Ridge,1.972053940984983,4.136986743609166,0.7069627335606543,70.69627335606543,1484.0,1375.5208346609963,1049.132696604011,-108.47916533900366,-0.07309916801819653,532,70.69627335606543,0.0
strict_recursive_7day,2022-03-08,hybrid_current_rule_q1_hierarchy_blend,当前低销量规则-低销量指数平滑+层级收缩,1.9745546857178573,4.122812003630774,0.7078592269554582,70.78592269554582,1484.0,1374.2035456830226,1050.4630928019,-109.79645431697736,-0.07398682905456695,532,70.69627335606543,0.08964933948038833
strict_recursive_7day,2022-03-08,hybrid_avg_lt_0_3_or_zero_ge_0_75_q1_exp_smoothing,历史均值 <0.3 或零销量比例 >=0.75-低销量用指数平滑,1.9803549204080704,4.139480834016943,0.7099385563727044,70.99385563727044,1484.0,1382.2956074540375,1053.5488176570934,-101.70439254596249,-0.06853395724121461,532,70.69627335606543,0.29758228120500974
strict_recursive_7day,2022-03-08,hybrid_zero_ge_0_75_q1_exp_smoothing,零销量比例 >=0.75-低销量用指数平滑,1.9803549204080704,4.139480834016943,0.7099385563727044,70.99385563727044,1484.0,1382.2956074540375,1053.5488176570934,-101.70439254596249,-0.06853395724121461,532,70.69627335606543,0.29758228120500974
strict_recursive_7day,2022-03-08,hybrid_current_calibrated_to_q1_store,当前混合策略校准到问题一门店预测,1.980815172228393,4.327360862199158,0.7101035523082918,71.01035523082918,1484.0,1168.1125468774899,1053.793671625505,-315.8874531225101,-0.2128621651768936,532,70.69627335606543,0.31408187476374394
strict_recursive_7day,2022-03-08,hybrid_avg_lt_0_3_or_zero_ge_0_75_q1_hierarchy_blend,历史均值 <0.3 或零销量比例 >=0.75-低销量指数平滑+层级收缩,1.9816832535077973,4.125336294416817,0.7104147512575123,71.04147512575123,1484.0,1380.5139190791513,1054.2554908661482,-103.48608092084874,-0.0697345558765827,532,70.69627335606543,0.34520176968580074
strict_recursive_7day,2022-03-08,hybrid_zero_ge_0_75_q1_hierarchy_blend,零销量比例 >=0.75-低销量指数平滑+层级收缩,1.9816832535077973,4.125336294416817,0.7104147512575123,71.04147512575123,1484.0,1380.5139190791513,1054.2554908661482,-103.48608092084874,-0.0697345558765827,532,70.69627335606543,0.34520176968580074
strict_recursive_7day,2022-03-08,hybrid_current_calibrated_to_q1_overall,当前混合策略校准到问题一总量预测,1.9844372665979106,4.333084053071338,0.7114020389690623,71.14020389690623,1484.0,1163.5165543448602,1055.7206258300885,-320.4834456551398,-0.21595919518540418,532,70.69627335606543,0.4439305408407961
strict_recursive_7day,2022-03-08,q1_store_product_exp_smoothing,问题一简单指数平滑,1.9898845909428673,4.272989118757483,0.7133548533568769,71.3354853356877,1484.0,1163.5165543448602,1058.6186023816053,-320.4834456551398,-0.21595919518540418,532,70.69627335606543,0.6392119796222602
strict_recursive_7day,2022-03-08,hybrid_current_calibrated_to_q1_product,当前混合策略校准到问题一商品预测,1.9951051882635664,4.2776138172836395,0.7152263882454295,71.52263882454295,1484.0,1168.018349613763,1061.3959601562174,-315.9816503862371,-0.21292564042199266,532,70.69627335606543,0.826365468477519
strict_recursive_7day,2022-03-08,hybrid_current_calibrated_to_q1_category,当前混合策略校准到问题一类别预测,1.9964677004268492,4.278822639602836,0.715714836002078,71.5714836002078,1484.0,1167.906116142316,1062.1208166270837,-316.093883857684,-0.2130012694458787,532,70.69627335606543,0.8752102441423659
strict_recursive_7day,2022-03-08,hybrid_avg_lt_0_3_q1_exp_smoothing,历史均值 <0.3-低销量用指数平滑,2.0036704355191133,4.138012847076195,0.7182969485823236,71.82969485823236,1484.0,1406.2868932811944,1065.9526716961682,-77.71310671880565,-0.05236732258679626,532,70.69627335606543,1.1334215021669252
strict_recursive_7day,2022-03-08,hybrid_avg_lt_0_3_q1_hierarchy_blend,历史均值 <0.3-低销量指数平滑+层级收缩,2.006390909732159,4.124701551611758,0.7192722129228495,71.92722129228495,1484.0,1410.4985353071663,1067.3999639775086,-73.50146469283368,-0.04952928887657256,532,70.69627335606543,1.230947936219522
strict_recursive_7day,2022-03-08,hybrid_avg_lt_0_2_q1_exp_smoothing,历史均值 <0.2-低销量用指数平滑,2.0087859037584934,4.139293211359062,0.7201307956870071,72.0130795687007,1484.0,1412.301124652547,1068.6741007995186,-71.69887534745294,-0.048314606029280956,532,70.69627335606543,1.3168062126352709
strict_recursive_7day,2022-03-08,hybrid_avg_lt_0_3_hierarchy_shrink,历史均值 <0.3-低销量用层级收缩均值,2.0134217188954837,4.10511398960848,0.721792691679513,72.1792691679513,1484.0,1420.3257000344338,1071.1403544523973,-63.674299965566206,-0.042907210219384234,532,70.69627335606543,1.4829958118858713
strict_recursive_7day,2022-03-08,hybrid_avg_lt_0_2_q1_hierarchy_blend,历史均值 <0.2-低销量指数平滑+层级收缩,2.0143784498766375,4.1279582933503445,0.7221356707104928,72.21356707104928,1484.0,1418.0297379400154,1071.6493353343712,-65.97026205998463,-0.04445435448786027,532,70.69627335606543,1.5172937149838504
strict_recursive_7day,2022-03-08,hybrid_current_rule_hierarchy_shrink,当前低销量规则-低销量用层级收缩均值,2.024769531974334,4.131817280024885,0.7258607756134405,72.58607756134406,1484.0,1371.1298714010832,1077.1773910103457,-112.87012859891684,-0.07605803813943184,532,70.69627335606543,1.8898042052786224
strict_recursive_7day,2022-03-08,hybrid_avg_lt_0_2_hierarchy_shrink,历史均值 <0.2-低销量用层级收缩均值,2.0274277241523073,4.111018265707601,0.7268137124319592,72.68137124319593,1484.0,1431.3965022774419,1078.5915492490276,-52.60349772255813,-0.035447100891211676,532,70.69627335606543,1.9850978871304932
strict_recursive_7day,2022-03-08,hybrid_avg_lt_0_3_or_zero_ge_0_75_hierarchy_shrink,历史均值 <0.3 或零销量比例 >=0.75-低销量用层级收缩均值,2.029162472620265,4.134156956928463,0.7274356033921704,72.74356033921704,1484.0,1376.3566462044164,1079.514435433981,-107.64335379558361,-0.07253595269244179,532,70.69627335606543,2.047286983151608
strict_recursive_7day,2022-03-08,hybrid_zero_ge_0_75_hierarchy_shrink,零销量比例 >=0.75-低销量用层级收缩均值,2.029162472620265,4.134156956928463,0.7274356033921704,72.74356033921704,1484.0,1376.3566462044164,1079.514435433981,-107.64335379558361,-0.07253595269244179,532,70.69627335606543,2.047286983151608
strict_recursive_7day,2022-03-08,ridge_full_external,完整综合Ridge,2.0331073737375456,4.12024990865743,0.7288498132266673,72.88498132266673,1484.0,1429.4402112860266,1081.6131228283743,-54.559788713973376,-0.03676535627626238,532,70.69627335606543,2.1887079666012994
strict_recursive_7day,2022-03-08,hybrid_zero_ge_0_6_hierarchy_shrink,零销量比例 >=0.6-低销量用层级收缩均值,2.0574648918775584,4.225930772871459,0.7375817536919549,73.75817536919548,1484.0,1256.0665560068414,1094.571322478861,-227.93344399315856,-0.1535939649549586,532,70.69627335606543,3.0619020131300516
strict_recursive_7day,2022-03-08,hybrid_avg_lt_0_3_product_mean,历史均值 <0.3-低销量用商品均值,2.080234212492893,4.15132223053743,0.7457443403276409,74.57443403276409,1484.0,1461.274642432923,1106.684601046219,-22.725357567077026,-0.015313583266224411,532,70.69627335606543,3.8781606766986556
strict_recursive_7day,2022-03-08,hybrid_avg_lt_0_3_category_mean,历史均值 <0.3-低销量用类别均值,2.10099611573339,4.15390397128206,0.7531872867723474,75.31872867723473,1484.0,1473.744283603839,1117.7299335701634,-10.255716396161006,-0.006910860105229788,532,70.69627335606543,4.622455321169298
strict_recursive_7day,2022-03-08,hybrid_avg_lt_0_2_product_mean,历史均值 <0.2-低销量用商品均值,2.101528806735333,4.158096992867381,0.7533782514711571,75.33782514711571,1484.0,1477.321294534288,1118.0133251831971,-6.678705465712028,-0.004500475381207566,532,70.69627335606543,4.641551791050276
strict_recursive_7day,2022-03-08,hybrid_avg_lt_0_2_category_mean,历史均值 <0.2-低销量用类别均值,2.117960403229604,4.160162372452877,0.7592688237992921,75.92688237992921,1484.0,1487.1832869799914,1126.7549345181494,3.183286979991408,0.002145072088942997,532,70.69627335606543,5.230609023863778
strict_recursive_7day,2022-03-08,hybrid_current_rule_product_mean,当前低销量规则-低销量用商品均值,2.1360388335670453,4.212782631031552,0.7657497705240351,76.57497705240351,1484.0,1415.2402160658614,1136.372659457668,-68.75978393413857,-0.046334086208988254,532,70.69627335606543,5.8787036963380785
strict_recursive_7day,2022-03-08,hybrid_avg_lt_0_3_or_zero_ge_0_75_product_mean,历史均值 <0.3 或零销量比例 >=0.75-低销量用商品均值,2.1406899951396356,4.2145828598089645,0.7674171680689259,76.74171680689258,1484.0,1422.0778973847755,1138.847077414286,-61.9221026152245,-0.04172648424206503,532,70.69627335606543,6.04544345082715
strict_recursive_7day,2022-03-08,hybrid_zero_ge_0_75_product_mean,零销量比例 >=0.75-低销量用商品均值,2.1406899951396356,4.2145828598089645,0.7674171680689259,76.74171680689258,1484.0,1422.0778973847755,1138.847077414286,-61.9221026152245,-0.04172648424206503,532,70.69627335606543,6.04544345082715
strict_recursive_7day,2022-03-08,hybrid_current_rule_category_mean,当前低销量规则-低销量用类别均值,2.1525925230314997,4.206951581335911,0.7716841120301603,77.16841120301603,1484.0,1430.704191514398,1145.1792222527579,-53.29580848560204,-0.035913617577898946,532,70.69627335606543,6.472137846950602
strict_recursive_7day,2022-03-08,hybrid_avg_lt_0_3_or_zero_ge_0_75_category_mean,历史均值 <0.3 或零销量比例 >=0.75-低销量用类别均值,2.153056200008343,4.208518092603958,0.7718503358520475,77.18503358520475,1484.0,1434.402354419714,1145.4258984044386,-49.5976455802861,-0.03342159405679656,532,70.69627335606543,6.4887602291393165
strict_recursive_7day,2022-03-08,hybrid_zero_ge_0_75_category_mean,零销量比例 >=0.75-低销量用类别均值,2.153056200008343,4.208518092603958,0.7718503358520475,77.18503358520475,1484.0,1434.402354419714,1145.4258984044386,-49.5976455802861,-0.03342159405679656,532,70.69627335606543,6.4887602291393165
strict_recursive_7day,2022-03-08,hybrid_zero_ge_0_6_product_mean,零销量比例 >=0.6-低销量用商品均值,2.1963959685575216,4.336241877460508,0.787387234011187,78.7387234011187,1484.0,1274.2311924563223,1168.4826552726015,-209.76880754367767,-0.1413536438973569,532,70.69627335606543,8.042450045053272
strict_recursive_7day,2022-03-08,hybrid_zero_ge_0_6_category_mean,零销量比例 >=0.6-低销量用类别均值,2.2194982913414143,4.3341962834594785,0.7956691987827712,79.56691987827712,1484.0,1289.0678307943772,1180.7730909936324,-194.9321692056228,-0.13135590916820944,532,70.69627335606543,8.870646522211686
strict_recursive_7day,2022-03-15,hybrid_zero_ge_0_6_recent28_mean,零销量比例 >=0.6-低销量用近28日均值,1.8508839689392318,3.743935560603337,0.8466640339429676,84.66640339429676,1163.0,1290.9332517107318,984.6702714756714,127.93325171073184,0.11000279596795515,532,88.35639679330649,-3.6899933990097225
strict_recursive_7day,2022-03-15,hybrid_zero_ge_0_6_hierarchy_shrink,零销量比例 >=0.6-低销量用层级收缩均值,1.868445112832827,3.7367660762412385,0.8546971625340188,85.46971625340188,1163.0,1289.1516949084876,994.0128000270639,126.15169490848757,0.1084709328533857,532,88.35639679330649,-2.886680539904603
strict_recursive_7day,2022-03-15,hybrid_zero_ge_0_6_q1_hierarchy_blend,零销量比例 >=0.6-低销量指数平滑+层级收缩,1.869746322490421,3.7601261800912957,0.8552923848365468,85.52923848365468,1163.0,1333.8271091603222,994.7050435649039,170.82710916032215,0.14688487460044897,532,88.35639679330649,-2.827158309651807
strict_recursive_7day,2022-03-15,hybrid_current_calibrated_to_q1_product,当前混合策略校准到问题一商品预测,1.888899377434872,3.8550235236923354,0.8640537134955734,86.40537134955734,1163.0,1326.3566547299572,1004.8944687953518,163.3566547299572,0.14046144000856164,532,88.35639679330649,-1.9510254437491454
strict_recursive_7day,2022-03-15,hybrid_current_calibrated_to_q1_category,当前混合策略校准到问题一类别预测,1.8954883764508188,3.8572559164385125,0.8670677697952155,86.70677697952155,1163.0,1328.9084999025854,1008.3998162718356,165.9084999025854,0.14265563190248098,532,88.35639679330649,-1.6496198137849376
strict_recursive_7day,2022-03-15,hybrid_zero_ge_0_6_q1_exp_smoothing,零销量比例 >=0.6-低销量用指数平滑,1.9027147419321357,3.8116670056186623,0.8703733815201171,87.03733815201171,1163.0,1352.973715268251,1012.2442427078962,189.973715268251,0.1633479924920473,532,88.35639679330649,-1.3190586412947738
strict_recursive_7day,2022-03-15,q1_store_product_exp_smoothing,问题一简单指数平滑,1.9032025477828434,3.8253464200866265,0.8705965222875948,87.05965222875948,1163.0,1332.7985629986065,1012.5037554204727,169.79856299860649,0.14600048409166508,532,88.35639679330649,-1.2967445645470121
strict_recursive_7day,2022-03-15,hybrid_current_calibrated_to_q1_store,当前混合策略校准到问题一门店预测,1.9083758475107795,3.814216166851806,0.872962984415937,87.2962984415937,1163.0,1332.7985629986065,1015.2559508757347,169.79856299860649,0.14600048409166508,532,88.35639679330649,-1.0600983517127816
strict_recursive_7day,2022-03-15,hybrid_avg_lt_0_3_q1_exp_smoothing,历史均值 <0.3-低销量用指数平滑,1.909515286287289,3.8306310180173275,0.8734842066249681,87.3484206624968,1163.0,1359.377093570461,1015.8621323048378,196.37709357046106,0.16885390676737838,532,88.35639679330649,-1.0079761308096806
strict_recursive_7day,2022-03-15,hybrid_avg_lt_0_2_q1_exp_smoothing,历史均值 <0.2-低销量用指数平滑,1.909647674803932,3.829362255132631,0.8735447661183936,87.35447661183936,1163.0,1359.5473569745468,1015.9325629956918,196.5473569745468,0.16900030694286053,532,88.35639679330649,-1.0019201814671277
strict_recursive_7day,2022-03-15,hybrid_current_calibrated_to_q1_overall,当前混合策略校准到问题一总量预测,1.9112139849456984,3.833662463791413,0.87426125536639,87.426125536639,1163.0,1332.7985629986065,1016.7658399911115,169.79856299860649,0.14600048409166508,532,88.35639679330649,-0.9302712566674813
strict_recursive_7day,2022-03-15,hybrid_current_rule_recent28_mean,当前低销量规则-低销量用近28日均值,1.913478717497188,3.822699720019078,0.8752972293280344,87.52972293280344,1163.0,1336.6313758347696,1017.970677708504,173.63137583476964,0.14929610991811662,532,88.35639679330649,-0.8266738605030497
strict_recursive_7day,2022-03-15,hybrid_avg_lt_0_2_recent28_mean,历史均值 <0.2-低销量用近28日均值,1.914542370219866,3.8290272689729856,0.8757837841418477,87.57837841418477,1163.0,1362.844434468419,1018.5365409569688,199.84443446841897,0.17183528329184777,532,88.35639679330649,-0.7780183791217183
strict_recursive_7day,2022-03-15,hybrid_avg_lt_0_3_or_zero_ge_0_75_recent28_mean,历史均值 <0.3 或零销量比例 >=0.75-低销量用近28日均值,1.9173321378139556,3.8228995740302145,0.877059928905438,87.70599289054381,1163.0,1342.5214531762479,1020.0206973170244,179.52145317624786,0.15436066481190702,532,88.35639679330649,-0.650403902762676
strict_recursive_7day,2022-03-15,hybrid_zero_ge_0_75_recent28_mean,零销量比例 >=0.75-低销量用近28日均值,1.9173321378139556,3.8228995740302145,0.877059928905438,87.70599289054381,1163.0,1342.5214531762479,1020.0206973170244,179.52145317624786,0.15436066481190702,532,88.35639679330649,-0.650403902762676
strict_recursive_7day,2022-03-15,hybrid_avg_lt_0_3_recent28_mean,历史均值 <0.3-低销量用近28日均值,1.9221232849996501,3.8294298386803596,0.8792515800686276,87.92515800686276,1163.0,1370.843202894113,1022.5695876198139,207.8432028941129,0.17871298615142983,532,88.35639679330649,-0.4312387864437284
strict_recursive_7day,2022-03-15,hybrid_avg_lt_0_2_q1_hierarchy_blend,历史均值 <0.2-低销量指数平滑+层级收缩,1.9284859687712008,3.8319175514317525,0.8821621112521744,88.21621112521744,1163.0,1375.4048757346297,1025.9545353862788,212.40487573462974,0.18263531877440217,532,88.35639679330649,-0.1401856680890461
strict_recursive_7day,2022-03-15,hybrid_avg_lt_0_3_q1_hierarchy_blend,历史均值 <0.3-低销量指数平滑+层级收缩,1.9295451232275451,3.832531264279762,0.8826466083895563,88.26466083895563,1163.0,1376.7482426368413,1026.518005557054,213.74824263684127,0.18379040639453248,532,88.35639679330649,-0.09173595435085247
strict_recursive_7day,2022-03-15,hybrid_current_q1_regular_ridge,当前混合策略：低销量指数平滑-常规Ridge,1.931550553958937,3.8542138018145273,0.8835639679330649,88.35639679330649,1163.0,1363.761406811373,1027.5848947061545,200.76140681137304,0.1726237375850155,532,88.35639679330649,0.0
strict_recursive_7day,2022-03-15,hybrid_current_rule_q1_hierarchy_blend,当前低销量规则-低销量指数平滑+层级收缩,1.9316148746877662,3.835376666614447,0.8835933906568285,88.35933906568285,1163.0,1373.5080020064706,1027.6191133338916,210.50800200647063,0.1810043009513935,532,88.35639679330649,0.002942272376358801
strict_recursive_7day,2022-03-15,hybrid_avg_lt_0_3_or_zero_ge_0_75_q1_hierarchy_blend,历史均值 <0.3 或零销量比例 >=0.75-低销量指数平滑+层级收缩,1.9359429084257436,3.8356463997480628,0.8855731962876144,88.55731962876145,1163.0,1377.2579255870387,1029.9216272824956,214.2579255870387,0.1842286548469808,532,88.35639679330649,0.2009228354549606
strict_recursive_7day,2022-03-15,hybrid_zero_ge_0_75_q1_hierarchy_blend,零销量比例 >=0.75-低销量指数平滑+层级收缩,1.9359429084257436,3.8356463997480628,0.8855731962876144,88.55731962876145,1163.0,1377.2579255870387,1029.9216272824956,214.2579255870387,0.1842286548469808,532,88.35639679330649,0.2009228354549606
strict_recursive_7day,2022-03-15,hybrid_avg_lt_0_3_or_zero_ge_0_75_q1_exp_smoothing,历史均值 <0.3 或零销量比例 >=0.75-低销量用指数平滑,1.9363541572012526,3.854338284200404,0.8857613169656633,88.57613169656634,1163.0,1366.8324055483051,1030.1404116310664,203.83240554830513,0.17526432119372753,532,88.35639679330649,0.21973490325984812
strict_recursive_7day,2022-03-15,hybrid_zero_ge_0_75_q1_exp_smoothing,零销量比例 >=0.75-低销量用指数平滑,1.9363541572012526,3.854338284200404,0.8857613169656633,88.57613169656634,1163.0,1366.8324055483051,1030.1404116310664,203.83240554830513,0.17526432119372753,532,88.35639679330649,0.21973490325984812
strict_recursive_7day,2022-03-15,ridge_full_external,完整综合Ridge,1.9376131985968368,3.83951265260085,0.8863372499170397,88.63372499170397,1163.0,1376.0646804665853,1030.8102216535171,213.0646804665853,0.18320264872449293,532,88.35639679330649,0.277328198397484
strict_recursive_7day,2022-03-15,hybrid_zero_ge_0_6_product_mean,零销量比例 >=0.6-低销量用商品均值,1.9606849942434261,3.829416840245062,0.896891158157784,89.6891158157784,1163.0,1281.206510242756,1043.0844169375027,118.20651024275594,0.10163930373409798,532,88.35639679330649,1.332719022471906
strict_recursive_7day,2022-03-15,hybrid_zero_ge_0_6_category_mean,零销量比例 >=0.6-低销量用类别均值,1.9756529892660455,3.8297931315160274,0.9037380827940982,90.37380827940981,1163.0,1296.615579901475,1051.0473902895362,133.61557990147503,0.11488871874589426,532,88.35639679330649,2.0174114861033274
strict_recursive_7day,2022-03-15,hybrid_avg_lt_0_2_hierarchy_shrink,历史均值 <0.2-低销量用层级收缩均值,1.9809101630740715,3.84793128534511,0.9061429120854738,90.61429120854739,1163.0,1412.4057528414905,1053.844206755406,249.40575284149054,0.21445034638133323,532,88.35639679330649,2.257894415240898
strict_recursive_7day,2022-03-15,hybrid_current_rule_hierarchy_shrink,当前低销量规则-低销量用层级收缩均值,1.9837987559724588,3.841717461102857,0.9074642632651316,90.74642632651316,1163.0,1396.2500574616981,1055.380938177348,233.25005746169813,0.20055894880627526,532,88.35639679330649,2.390029533206672
strict_recursive_7day,2022-03-15,hybrid_avg_lt_0_3_or_zero_ge_0_75_hierarchy_shrink,历史均值 <0.3 或零销量比例 >=0.75-低销量用层级收缩均值,1.9842238907135357,3.8418445546966735,0.9076587359067936,90.76587359067936,1163.0,1401.58413901075,1055.607109859601,238.58413901075005,0.20514543337123822,532,88.35639679330649,2.409476797372875
strict_recursive_7day,2022-03-15,hybrid_zero_ge_0_75_hierarchy_shrink,零销量比例 >=0.75-低销量用层级收缩均值,1.9842238907135357,3.8418445546966735,0.9076587359067936,90.76587359067936,1163.0,1401.58413901075,1055.607109859601,238.58413901075005,0.20514543337123822,532,88.35639679330649,2.409476797372875
strict_recursive_7day,2022-03-15,hybrid_avg_lt_0_3_hierarchy_shrink,历史均值 <0.3-低销量用层级收缩均值,1.9856837973052588,3.847604664457709,0.9083265521637125,90.83265521637125,1163.0,1417.2809237917286,1056.3837801663976,254.28092379172858,0.21864223885789216,532,88.35639679330649,2.4762584230647633
strict_recursive_7day,2022-03-15,hybrid_avg_lt_0_2_product_mean,历史均值 <0.2-低销量用商品均值,2.0576721843364036,3.898779170231341,0.9412567515623101,94.12567515623101,1163.0,1458.0061922991808,1094.6816020669667,295.00619229918084,0.25365966663730083,532,88.35639679330649,5.769278362924524
strict_recursive_7day,2022-03-15,hybrid_avg_lt_0_3_product_mean,历史均值 <0.3-低销量用商品均值,2.0593634564059258,3.8980749170048723,0.9420304031022807,94.20304031022808,1163.0,1458.7100799394611,1095.5813588079525,295.71007993946114,0.25426490106574473,532,88.35639679330649,5.8466435169215885
strict_recursive_7day,2022-03-15,hybrid_avg_lt_0_2_category_mean,历史均值 <0.2-低销量用类别均值,2.065172677705671,3.8996301079393882,0.9446877597071515,94.46877597071514,1163.0,1467.9083895876333,1098.6718645394171,304.90838958763334,0.2621740237210949,532,88.35639679330649,6.1123791774086556
strict_recursive_7day,2022-03-15,hybrid_avg_lt_0_3_or_zero_ge_0_75_product_mean,历史均值 <0.3 或零销量比例 >=0.75-低销量用商品均值,2.069024827512556,3.9024415326559008,0.9464498781054856,94.64498781054857,1163.0,1455.778232044878,1100.7212082366798,292.778232044878,0.251743965644779,532,88.35639679330649,6.288591017242084
strict_recursive_7day,2022-03-15,hybrid_zero_ge_0_75_product_mean,零销量比例 >=0.75-低销量用商品均值,2.069024827512556,3.9024415326559008,0.9464498781054856,94.64498781054857,1163.0,1455.778232044878,1100.7212082366798,292.778232044878,0.251743965644779,532,88.35639679330649,6.288591017242084
strict_recursive_7day,2022-03-15,hybrid_current_rule_product_mean,当前低销量规则-低销量用商品均值,2.0707032630325353,3.9026198969433326,0.9472176577242551,94.72176577242551,1163.0,1449.734227634676,1101.6141359333087,286.734227634676,0.2465470572955082,532,88.35639679330649,6.365368979119026
strict_recursive_7day,2022-03-15,hybrid_avg_lt_0_3_category_mean,历史均值 <0.3-低销量用类别均值,2.0709082596080806,3.8996987605010838,0.947311430878331,94.7311430878331,1163.0,1471.231491814169,1101.723194111499,308.231491814169,0.2650313773122691,532,88.35639679330649,6.3747462945266165
strict_recursive_7day,2022-03-15,hybrid_avg_lt_0_3_or_zero_ge_0_75_category_mean,历史均值 <0.3 或零销量比例 >=0.75-低销量用类别均值,2.081228523488621,3.9040469374764983,0.9520323082510287,95.20323082510286,1163.0,1467.9497140458132,1107.2135744959464,304.94971404581315,0.26220955635925464,532,88.35639679330649,6.8468340317963765
strict_recursive_7day,2022-03-15,hybrid_zero_ge_0_75_category_mean,零销量比例 >=0.75-低销量用类别均值,2.081228523488621,3.9040469374764983,0.9520323082510287,95.20323082510286,1163.0,1467.9497140458132,1107.2135744959464,304.94971404581315,0.26220955635925464,532,88.35639679330649,6.8468340317963765
strict_recursive_7day,2022-03-15,hybrid_current_rule_category_mean,当前低销量规则-低销量用类别均值,2.086218747295186,3.904512415050961,0.9543150245580729,95.43150245580729,1163.0,1465.0705062695524,1109.8683735610389,302.0705062695524,0.2597338832928224,532,88.35639679330649,7.075105662500803
strict_recursive_7day,2022-03-22,hybrid_current_q1_regular_ridge,当前混合策略：低销量指数平滑-常规Ridge,1.662891206316402,3.33982840494586,0.7209927642708442,72.09927642708442,1227.0,1144.0115665767016,884.6581217603259,-82.98843342329837,-0.06763523506381286,532,72.09927642708442,0.0
strict_recursive_7day,2022-03-22,hybrid_avg_lt_0_3_or_zero_ge_0_75_q1_exp_smoothing,历史均值 <0.3 或零销量比例 >=0.75-低销量用指数平滑,1.6651827440343216,3.340566106657316,0.72198632422678,72.198632422678,1227.0,1142.3774348878433,885.8772198262591,-84.62256511215674,-0.06896704573117908,532,72.09927642708442,0.09935599559358366
strict_recursive_7day,2022-03-22,hybrid_zero_ge_0_75_q1_exp_smoothing,零销量比例 >=0.75-低销量用指数平滑,1.6651827440343216,3.340566106657316,0.72198632422678,72.198632422678,1227.0,1142.3774348878433,885.8772198262591,-84.62256511215674,-0.06896704573117908,532,72.09927642708442,0.09935599559358366
strict_recursive_7day,2022-03-22,hybrid_current_calibrated_to_q1_category,当前混合策略校准到问题一类别预测,1.6770867232933568,3.307858518266177,0.727147625747405,72.7147625747405,1227.0,1206.941558028654,892.2101367920659,-20.05844197134593,-0.01634754846890459,532,72.09927642708442,0.6154861476560853
strict_recursive_7day,2022-03-22,hybrid_current_calibrated_to_q1_product,当前混合策略校准到问题一商品预测,1.6773962423885391,3.3105915763987586,0.7272818263656909,72.72818263656909,1227.0,1204.5932386682186,892.3748009507028,-22.406761331781354,-0.018261419178305913,532,72.09927642708442,0.6289062094846685
strict_recursive_7day,2022-03-22,q1_store_product_exp_smoothing,问题一简单指数平滑,1.6840968237691318,3.365605167873976,0.7301870499145706,73.01870499145706,1227.0,1206.941558028654,895.9395102451781,-20.05844197134593,-0.01634754846890459,532,72.09927642708442,0.9194285643726374
strict_recursive_7day,2022-03-22,hybrid_current_rule_recent28_mean,当前低销量规则-低销量用近28日均值,1.6856332511931367,3.345638181032863,0.7308532107862663,73.08532107862663,1227.0,1147.2325028813204,896.7568896347487,-79.76749711867956,-0.06501018510079834,532,72.09927642708442,0.9860446515422154
strict_recursive_7day,2022-03-22,hybrid_current_rule_q1_hierarchy_blend,当前低销量规则-低销量指数平滑+层级收缩,1.686595723198685,3.3389751911700447,0.7312705173118993,73.12705173118992,1227.0,1161.5720558014204,897.2689247417004,-65.42794419857955,-0.05332350790430281,532,72.09927642708442,1.0277753041055036
strict_recursive_7day,2022-03-22,hybrid_avg_lt_0_3_or_zero_ge_0_75_recent28_mean,历史均值 <0.3 或零销量比例 >=0.75-低销量用近28日均值,1.6870346394842655,3.3459649071344146,0.7314608216834795,73.14608216834795,1227.0,1148.0254510495336,897.5024282056293,-78.97454895046644,-0.06436393557495228,532,72.09927642708442,1.046805741263526
strict_recursive_7day,2022-03-22,hybrid_zero_ge_0_75_recent28_mean,零销量比例 >=0.75-低销量用近28日均值,1.6870346394842655,3.3459649071344146,0.7314608216834795,73.14608216834795,1227.0,1148.0254510495336,897.5024282056293,-78.97454895046644,-0.06436393557495228,532,72.09927642708442,1.046805741263526
strict_recursive_7day,2022-03-22,hybrid_avg_lt_0_3_or_zero_ge_0_75_q1_hierarchy_blend,历史均值 <0.3 或零销量比例 >=0.75-低销量指数平滑+层级收缩,1.6882283883048221,3.339506172899036,0.7319784047091812,73.19784047091812,1227.0,1161.301881403017,898.1375025781654,-65.69811859698302,-0.053543698938046475,532,72.09927642708442,1.0985640438337043
strict_recursive_7day,2022-03-22,hybrid_zero_ge_0_75_q1_hierarchy_blend,零销量比例 >=0.75-低销量指数平滑+层级收缩,1.6882283883048221,3.339506172899036,0.7319784047091812,73.19784047091812,1227.0,1161.301881403017,898.1375025781654,-65.69811859698302,-0.053543698938046475,532,72.09927642708442,1.0985640438337043
strict_recursive_7day,2022-03-22,hybrid_zero_ge_0_6_q1_exp_smoothing,零销量比例 >=0.6-低销量用指数平滑,1.6912091576718566,3.3681450342181276,0.7332708002293625,73.32708002293626,1227.0,1173.7455329084416,899.7232718814278,-53.254467091558354,-0.043402173668751716,532,72.09927642708442,1.2278035958518387
strict_recursive_7day,2022-03-22,ridge_full_external,完整综合Ridge,1.6946858542011258,3.35547399700514,0.7347782187734303,73.47782187734303,1227.0,1161.101291215908,901.572874434999,-65.89870878409192,-0.0537071791231393,532,72.09927642708442,1.3785454502586134
strict_recursive_7day,2022-03-22,hybrid_current_calibrated_to_q1_overall,当前混合策略校准到问题一总量预测,1.6971872705942075,3.367211192063659,0.7358627774703491,73.58627774703491,1227.0,1206.941558028654,902.9036279561184,-20.05844197134593,-0.01634754846890459,532,72.09927642708442,1.487001319950494
strict_recursive_7day,2022-03-22,hybrid_avg_lt_0_2_recent28_mean,历史均值 <0.2-低销量用近28日均值,1.6979781355640613,3.3543269128672346,0.7362056789894708,73.62056789894707,1227.0,1163.1592675171453,903.3243681200806,-63.84073248285472,-0.05202993682384248,532,72.09927642708442,1.5212914718626536
strict_recursive_7day,2022-03-22,hybrid_avg_lt_0_3_q1_exp_smoothing,历史均值 <0.3-低销量用指数平滑,1.6984453314771975,3.3521487446901785,0.7364082447806594,73.64082447806594,1227.0,1157.5674098189743,903.5729163458691,-69.43259018102572,-0.056587278061145656,532,72.09927642708442,1.5415480509815183
strict_recursive_7day,2022-03-22,hybrid_avg_lt_0_2_q1_exp_smoothing,历史均值 <0.2-低销量用指数平滑,1.6992771308129748,3.354902283608376,0.736768894533417,73.6768894533417,1227.0,1164.1358568110704,904.0154335925026,-62.864143188929575,-0.051234020528874956,532,72.09927642708442,1.577613026257282
strict_recursive_7day,2022-03-22,hybrid_avg_lt_0_3_recent28_mean,历史均值 <0.3-低销量用近28日均值,1.7008840157974403,3.3526493853049018,0.737465604241433,73.7465604241433,1227.0,1160.5270840647636,904.8702964042383,-66.47291593523641,-0.054175155611439624,532,72.09927642708442,1.647283997058878
strict_recursive_7day,2022-03-22,hybrid_current_calibrated_to_q1_store,当前混合策略校准到问题一门店预测,1.7048939680862483,3.3927875201297923,0.7392042306616822,73.92042306616821,1227.0,1206.941558028654,907.0035910218841,-20.05844197134593,-0.01634754846890459,532,72.09927642708442,1.8211466390837927
strict_recursive_7day,2022-03-22,hybrid_zero_ge_0_6_q1_hierarchy_blend,零销量比例 >=0.6-低销量指数平滑+层级收缩,1.706042272895489,3.3642835375648783,0.7397021101714752,73.97021101714752,1227.0,1179.467345373427,907.6144891804001,-47.53265462657305,-0.038738919826057906,532,72.09927642708442,1.8709345900631007
strict_recursive_7day,2022-03-22,hybrid_avg_lt_0_2_q1_hierarchy_blend,历史均值 <0.2-低销量指数平滑+层级收缩,1.7119464861230125,3.355318194262365,0.7422620461429851,74.22620461429851,1227.0,1173.0401300228928,910.7555306174427,-53.959869977107246,-0.04397707414597168,532,72.09927642708442,2.126928187214091
strict_recursive_7day,2022-03-22,hybrid_avg_lt_0_3_q1_hierarchy_blend,历史均值 <0.3-低销量指数平滑+层级收缩,1.7130726358423718,3.3505743970100825,0.7427503196969371,74.2750319696937,1227.0,1172.3333120927111,911.3546422681418,-54.66668790728886,-0.04455312787880103,532,72.09927642708442,2.1757555426092807
strict_recursive_7day,2022-03-22,hybrid_zero_ge_0_6_recent28_mean,零销量比例 >=0.6-低销量用近28日均值,1.737635874421355,3.4117793774021785,0.753400395429634,75.3400395429634,1227.0,1186.8867133472816,924.4222851921609,-40.11328665271844,-0.03269216516113973,532,72.09927642708442,3.240763115878977
strict_recursive_7day,2022-03-22,hybrid_avg_lt_0_2_hierarchy_shrink,历史均值 <0.2-低销量用层级收缩均值,1.7429685132941004,3.3593838699474494,0.7557125094315089,75.57125094315089,1227.0,1193.8167675171453,927.2592490724614,-33.18323248285469,-0.02704419925253031,532,72.09927642708442,3.4719745160664672
strict_recursive_7day,2022-03-22,hybrid_current_rule_hierarchy_shrink,当前低销量规则-低销量用层级收缩均值,1.7525158967952372,3.360660126341611,0.7598520432722626,75.98520432722626,1227.0,1202.5465306590982,932.3384570950662,-24.453469340901847,-0.019929477865445678,532,72.09927642708442,3.885927900141837
strict_recursive_7day,2022-03-22,hybrid_avg_lt_0_3_or_zero_ge_0_75_hierarchy_shrink,历史均值 <0.3 或零销量比例 >=0.75-低销量用层级收缩均值,1.7526111924738825,3.3604072211063034,0.7598933613660191,75.98933613660192,1227.0,1205.4589232717558,932.3891543961055,-21.541076728244207,-0.01755588975407026,532,72.09927642708442,3.8900597095175016
strict_recursive_7day,2022-03-22,hybrid_zero_ge_0_75_hierarchy_shrink,零销量比例 >=0.75-低销量用层级收缩均值,1.7526111924738825,3.3604072211063034,0.7598933613660191,75.98933613660192,1227.0,1205.4589232717558,932.3891543961055,-21.541076728244207,-0.01755588975407026,532,72.09927642708442,3.8900597095175016
strict_recursive_7day,2022-03-22,hybrid_avg_lt_0_3_hierarchy_shrink,历史均值 <0.3-低销量用层级收缩均值,1.754202729247733,3.3621062812449787,0.7605834164301498,76.05834164301498,1227.0,1206.7870840647636,933.2358519597939,-20.212915935236424,-0.016473444119997085,532,72.09927642708442,3.959065215930565
strict_recursive_7day,2022-03-22,hybrid_zero_ge_0_6_hierarchy_shrink,零销量比例 >=0.6-低销量用层级收缩均值,1.7641568271006722,3.3944637889446057,0.7648992925978465,76.48992925978465,1227.0,1192.8182411250593,938.5314320175577,-34.18175887494067,-0.02785799419310568,532,72.09927642708442,4.390652832700226
strict_recursive_7day,2022-03-22,hybrid_avg_lt_0_2_product_mean,历史均值 <0.2-低销量用商品均值,1.7852491404572468,3.3736964090172976,0.7740444520971925,77.40444520971926,1227.0,1220.5166749245527,949.7525427232553,-6.483325075447283,-0.00528388351707195,532,72.09927642708442,5.305168782634837
strict_recursive_7day,2022-03-22,hybrid_avg_lt_0_2_category_mean,历史均值 <0.2-低销量用类别均值,1.7969029028393921,3.375057586109938,0.779097265126778,77.9097265126778,1227.0,1230.4106564060341,955.9523443105567,3.4106564060341498,0.002779671072562469,532,72.09927642708442,5.810450085593388
strict_recursive_7day,2022-03-22,hybrid_avg_lt_0_3_product_mean,历史均值 <0.3-低销量用商品均值,1.815811960659596,3.407463069916755,0.7872958134237205,78.72958134237204,1227.0,1248.0344914721709,966.011963070905,21.034491472170885,0.017143024834695098,532,72.09927642708442,6.630304915287624
strict_recursive_7day,2022-03-22,hybrid_avg_lt_0_3_category_mean,历史均值 <0.3-低销量用类别均值,1.8315283349286018,3.4097897463018647,0.7941100849079186,79.41100849079186,1227.0,1260.5659729536524,974.3730741820161,33.56597295365236,0.02735613117657079,532,72.09927642708442,7.3117320637074386
strict_recursive_7day,2022-03-22,hybrid_avg_lt_0_3_or_zero_ge_0_75_product_mean,历史均值 <0.3 或零销量比例 >=0.75-低销量用商品均值,1.8351679937031462,3.4190944350532306,0.7956881602690088,79.56881602690088,1227.0,1257.1981362347187,976.3093726500738,30.19813623471873,0.024611357974505893,532,72.09927642708442,7.469539599816457
strict_recursive_7day,2022-03-22,hybrid_zero_ge_0_75_product_mean,零销量比例 >=0.75-低销量用商品均值,1.8351679937031462,3.4190944350532306,0.7956881602690088,79.56881602690088,1227.0,1257.1981362347187,976.3093726500738,30.19813623471873,0.024611357974505893,532,72.09927642708442,7.469539599816457
strict_recursive_7day,2022-03-22,hybrid_current_rule_product_mean,当前低销量规则-低销量用商品均值,1.836617482605,3.4202810490298337,0.7963166265247432,79.63166265247432,1227.0,1251.7218547331722,977.0805007458599,24.721854733172222,0.02014821086648103,532,72.09927642708442,7.532386225389899
strict_recursive_7day,2022-03-22,hybrid_zero_ge_0_6_product_mean,零销量比例 >=0.6-低销量用商品均值,1.839953797204503,3.465957473896331,0.7977631785760355,79.77631785760354,1227.0,1192.5788429769111,978.8554201127956,-34.42115702308888,-0.028053102708303898,532,72.09927642708442,7.677041430519125
strict_recursive_7day,2022-03-22,hybrid_avg_lt_0_3_or_zero_ge_0_75_category_mean,历史均值 <0.3 或零销量比例 >=0.75-低销量用类别均值,1.858916725652066,3.424889945098736,0.8059850839828029,80.59850839828029,1227.0,1271.433784382867,988.9436980468992,44.43378438286709,0.03621335320527065,532,72.09927642708442,8.499231971195869
strict_recursive_7day,2022-03-22,hybrid_zero_ge_0_75_category_mean,零销量比例 >=0.75-低销量用类别均值,1.858916725652066,3.424889945098736,0.8059850839828029,80.59850839828029,1227.0,1271.433784382867,988.9436980468992,44.43378438286709,0.03621335320527065,532,72.09927642708442,8.499231971195869
strict_recursive_7day,2022-03-22,hybrid_current_rule_category_mean,当前低销量规则-低销量用类别均值,1.8597694846338817,3.42564441409311,0.8063548213734516,80.63548213734516,1227.0,1267.0686139924317,989.397365825225,40.068613992431665,0.03265575712504618,532,72.09927642708442,8.536205710260745
strict_recursive_7day,2022-03-22,hybrid_zero_ge_0_6_category_mean,零销量比例 >=0.6-低销量用类别均值,1.8675066823936668,3.475076910121386,0.8097094988047521,80.9709498804752,1227.0,1208.006157791726,993.5135550334307,-18.993842208273918,-0.015479904000223242,532,72.09927642708442,8.871673453390784
