"package_path","category","size_bytes","sha256"
"DATA_DICTIONARY.md","documentation","7070","2de9f4e4491105d525c5a71dcd0e75ae06348765948a17dca0b3e35df7312fef"
"figures/final_forecast_interval_by_store.png","key_result_figure","53112","d329daf5efd3d39a3307660705f036bd1347fa8e84b52921010a6f47527d06c9"
"figures/q1_daily_total_trend.png","key_result_figure","111476","26c350c82da634df95fbe1b6a811214464bfa8b819d318ae495781586d18d5e5"
"figures/q1_model_wape_comparison.png","key_result_figure","53894","cac6766cfe0e64d5e74d5ceea0d9d3fd33afac02fb93a710c91c38798edc88ab"
"figures/q1_product_total_sales.png","key_result_figure","99022","c23bceea4921f87dbb9dd86f1f4652d532b26efd2c033ee1dd887497cab52f77"
"figures/q1_store_product_heatmap.png","key_result_figure","137584","1380571aecaf018d0b94481726d5d4c01f0cd12b2afad744e2e2f9e801b3b9e2"
"figures/q1_store_total_sales.png","key_result_figure","75760","287eeaeb226bd260331bb4e51802410f02108252942055bb5729ceb45b721960"
"figures/q1_weekday_effect.png","key_result_figure","34748","be5d2dcadd5c363d4dc775a8592e3575a99d3ab3cdbb2a753e5c5a33055c3e13"
"figures/q2_category_daily_trend.png","key_result_figure","208365","8db3d8563b63bb95bf94d4656f7885746758b119830528a5fdcb13135d05a765"
"figures/q2_category_method_wape_comparison.png","key_result_figure","48252","2e239d970cedf780f20deeae26923e97e7c27f30bbccb6f9c62c995d84958ce1"
"figures/q2_category_total_sales.png","key_result_figure","41386","9e9aba354e8ad0e87050141f81485d42476ca8cc47cb173bd97fc2e33edde547"
"figures/q2_focus_store_product_correlation_heatmap.png","key_result_figure","168289","7ecefd259b312e3cbf30842eff5558a6b90ce7ae97c1515714e4f6e62d2ccd51"
"figures/q2_overall_product_correlation_heatmap.png","key_result_figure","186593","8eab3cc6eb6bf822292a77b8933fc4dbda008b95f63fb411157c657b60c396ac"
"figures/q2_store_category_method_wape_comparison.png","key_result_figure","52934","5b6b36a73ca9a15a142cf84ecd2e2dd98598e347f927b10644decbb1bf26aa31"
"figures/q2_store_category_sales_heatmap.png","key_result_figure","94079","edf5b556e4dbaea4c0816ce12e0906c4a725e9778f94691b74d7cf26fdd58589"
"figures/q3_binary_factor_mean_sales.png","key_result_figure","40852","eff9f170e8cbd0b5b69c2d1fbabea634dffef3fed1bdf4cae6abee3691b780c5"
"figures/q3_continuous_factor_scatter.png","key_result_figure","82979","8718923d757043358aed4694fdb632eae7e2dc7bf64c89b6b181556ed4a01775"
"figures/q3_random_forest_permutation_importance.png","key_result_figure","43572","f5b04992b4ea3ce6cd7e9e9aa75b6e87c4bf81765422535f361cf15b43132d99"
"figures/q3_regression_factor_effect_ranking.png","key_result_figure","31912","556f2bb2d9082445ea571065f74e7b0dbedfaae6b4db7a345309c6fb108beba7"
"figures/q3_weather_mean_sales.png","key_result_figure","54851","794d28727c61742436704aa6db02cdbf7b7068beabb7c4217ebbc2215534b125"
"figures/q3_weather_regression_coefficients.png","key_result_figure","23197","5ee4c3de11c274af82dc9fa6f624aa655705dc7597170b1e3045e315f0bab8b4"
"figures/q4_ablation_store_product_wape.png","key_result_figure","57885","e1e252bd2e3a4f0b1dc51ca7d62e953e0c34c8cfa5bf66fcd5273ad9a9bafce0"
"figures/q4_actual_vs_predicted_scatter.png","key_result_figure","67996","c5108baa16109919e06466bfae24a0b63e7a3acb2c451d2ca44f5447f2ce5baf"
"figures/q4_candidate_model_wape.png","key_result_figure","170357","558953dab1894c65b6db4abaf2d672e68159ba20d6f4966ab463e2db2805a007"
"figures/q4_category_forecast_7day_total.png","key_result_figure","40368","2846b5c79eb4711ae83f6d3cb8782ac10b3568cc094d1947a371222186da22b2"
"figures/q4_error_by_calendar_type_bar.png","key_result_figure","19119","0886f3157ecc00715e9664afc89acc5f1b0835132bdf2e1322e1906556c58f43"
"figures/q4_error_by_category_bar.png","key_result_figure","39790","3eb421d259ca31672cedf81261149715bc1ad9f348fe80ac571692bcc6c2e150"
"figures/q4_error_by_store_bar.png","key_result_figure","42092","77b20eba2bc267dc2cb44683c837f9806db4ff2e5bf574e76b8a4ee7961c4bf3"
"figures/q4_error_top_products.png","key_result_figure","66646","c8400f4c2bbb599a2ea6e4d7e822062a2b3ebddba4870e6fe584ea9b6c214b62"
"figures/q4_hybrid_error_by_horizon.png","key_result_figure","38672","a7e75b46473ca0abb72128a8bf1dabb5fbf7b04150b3d05c1ef0569d2eb14815"
"figures/q4_hybrid_forecast_7day_total_by_category.png","key_result_figure","60743","ed11fcedf6e0fda420ce58325bb18aa339f260ced8f9b2a36a87a0763ca1dd97"
"figures/q4_hybrid_forecast_7day_total_by_store.png","key_result_figure","56788","99e89c2374b35a2d3d988070e2b47c78f9d6d74bad7a02822ba48931466f2811"
"figures/q4_low_volume_strategy_wape.png","key_result_figure","51372","a13aceb8799901f103fb035cdd96b82917ff643921c30518a92819bcdd24e900"
"figures/q4_previous_model_comparison.png","key_result_figure","24840","2da68832449a22c014489773d9cb82fdc3061037ae25ad619f507120ac33f8b9"
"figures/q4_store_forecast_7day_total.png","key_result_figure","40029","fffe9cb010ffd710a2acd7c4ed774170f67d9e441caff3d9404b46ceaa556d55"
"figures/q4_store_product_model_wape_comparison.png","key_result_figure","38866","610290b2a20d648685b4d7448f4094f66a14f04f0d42a9456a15d1b6baba1b3c"
"figures/technical_route_phase3.png","key_result_figure","111792","7a48e0d744986165004f2e93187dd09801897133d54eba9a441632870f574872"
"final_paper.pdf","compiled_paper_pdf","1585598","db0037c166fc3673d3beef3a1cdff5d1f0acd273780dffb50c5edf95900c7bfc"
"outputs/final_7day_forecast_hybrid_low_volume_integer.csv","final_forecast_integer_detail","188773","80b7b7189ccd485a5d61d573be3387b739b9796d5048a0b1918777d5d34d3915"
"outputs/final_7day_forecast_hybrid_low_volume.csv","final_forecast_continuous_detail","197067","a5cef82178539eb7b64f0e96ff2dba2365437c381d1c0b8d3715e66b4a11b413"
"README.md","documentation","5734","1b0bcd2a83e414f9688c58b8513e6556df14667457a21629789db609c3e5e593"
"requirements.txt","documentation","132","7db9c40ecef4d02b87309fdc630dd33d0df58d37800045b8c30eba6fb66e4790"
"src/__init__.py","source_code","48","27e99dcf0fb398fff1deb2a69fab823f23388c5b41dc35c1dcbde648e97343c0"
"src/config.py","source_code","356","22a26163eb3370d1eed88c0de7ebd58f9edc1e01a4bd7e9ce28dd7e0c7f6e2d7"
"src/data_loader.py","source_code","4358","72901b9b0c0a4a65c05c39a6a47516c7b899d508aca22bd307aa68e6f97c121d"
"src/evaluation.py","source_code","4742","fc9c5b883978e2f53a41c968ddf3e03176293f27c47c28e3476b337e51f07180"
"src/features.py","source_code","9058","7125699b283ddf0db7a0a0fdcc47929d1531fc776ea09020b4dbd7f456f6db93"
"src/fill_cover_members.py","source_code","4159","b608054e0ac2ef5c314c8e34a97b41f0397dc72b9bb7cc7bba128684c6d0dffa"
"src/intermittent_demand_review.py","source_code","16449","122b627e378e18d07917f91245d8f89db133c1e4a78e3a8c97ee866515d4f533"
"src/models.py","source_code","9779","c861267bb7c10ec5b45404b4b5b763d1155a49e1ce9c51d546e7746d7dc6ae82"
"src/preprocessing.py","source_code","9388","4161e5d7906d1e94a6a02cef6561da0cf3e75819ce86f22083f093b8edf8aa8c"
"src/stage2_q1_figures.py","source_code","6834","511fb8edc12a5247c58f5b3618492c3f69a1f4d2cc9cd461e87f5d4886e7dc04"
"src/stage3_q2_analysis.py","source_code","47133","70891871d73ab8b4302dcc3c45bf05e9dd09512f563c73d1f2c6329e25cb269f"
"src/stage4_q3_analysis.py","source_code","44556","444802e2d7de2c3348a5c70b6485eb289f76a026cc2700666f67023b1a125352"
"src/stage5_q4_ablation.py","source_code","28480","9e9fd001e3b742d97476c809f8649361fc659093ba4dcf0c763cf82146c2ee6c"
"src/stage5_q4_analysis.py","source_code","59323","4e2ca917479ba22ff8e50f369ad246c90ccccf21bbfbd6e97d6919a4a5c3b0fa"
"src/stage5_q4_error_diagnosis.py","source_code","27640","c501ff425cd02814f28247dd14fc4648b67d874f41d85cb7dfcf96ad9064a6fa"
"src/stage5_q4_hybrid_final_forecast.py","source_code","14227","39aa1c0c4689780cfcd80830ddb85b8ea69fa1f67290810b72cf0cdfd8f67536"
"src/stage5_q4_low_volume_strategy.py","source_code","29409","3f0799366714c847c5d3001572aa71a85a9d1afb04d63e93a2ab74bc2a3cae03"
"src/stage5_q4_recursive_validation.py","source_code","28824","bf2529efc9f95725235f849870ae2b5b8d4dae2658a3590e8cac66aff4bcbd87"
"src/stage5_q4_weather_sensitivity.py","source_code","25158","e3d8809a4801f2315d28f39d53049ad2397bc5e35b7a44d367168d8c033c9825"
"src/stage6_phase3_structure_analysis.py","source_code","6852","21fa889fd440bffc4df82f0a7b0b37fecbfe603be6fbd7008736ebb24d34a47e"
"src/stage7_phase4_text_evidence.py","source_code","10207","d9c8a00b3e01f14a1822fa5baf9c323eed3c3863a4f0078a123b98b3b9fea2af"
"tables/final_7day_forecast_hybrid_low_volume_integer.csv","key_result_table","188773","80b7b7189ccd485a5d61d573be3387b739b9796d5048a0b1918777d5d34d3915"
"tables/final_7day_forecast_hybrid_low_volume.csv","key_result_table","197067","a5cef82178539eb7b64f0e96ff2dba2365437c381d1c0b8d3715e66b4a11b413"
"tables/final_forecast_interval_by_category.csv","key_result_table","2559","edeace37fbf31963f3df8d7a2904ac709c3276ade5329219bbe01ae788b8b604"
"tables/final_forecast_interval_by_product.csv","key_result_table","4106","640bac72df63d41ca1cd8fedf0d8770a4184c3869f332d5b2ff7b9891ace5ff4"
"tables/final_forecast_interval_by_store.csv","key_result_table","2338","e71eecb4173a56cd8c9a2d85b3ffdbe59e0b4d5f1c618463749a1de1b3778498"
"tables/intermittent_demand_summary.csv","key_result_table","29906","3939ab868fae085a1b3919c576c14420382873b3961996e975ef00eeb08cde01"
"tables/q1_best_models_by_level.csv","key_result_table","343","a185d7b9ce1ec42799b161db80ccff260bc8380bec0ccb777869124f84d648ab"
"tables/q1_daily_total_trend.csv","key_result_table","24904","36180a069c28e9c6313c5a0aa1cfa86810912e343cd05a846c1a1210f7f9465c"
"tables/q1_exp_smoothing_alpha_sensitivity.csv","key_result_table","1753","dd2f02cb3347582c9ee8ce5129305a0280eec550ed0c7c6036e05ac0afc9134c"
"tables/q1_forecast_total_consistency.csv","key_result_table","216","454884a2a88988e04668470b006c8b6d48e1d69357e8f1b98f11c5ae0664d60e"
"tables/q1_model_metrics.csv","key_result_table","1411","f4d0c080168cb9448e62f0c0463b6b7c9239820fe668918bdee5bf21bc64f1c3"
"tables/q1_product_descriptive_phase4.csv","key_result_table","1682","90f1fed2ff6ab8b38f5e5b87d098b2c4be0aae8794d79e6bfa08f1bd2461e51e"
"tables/q1_product_forecast_7day_total.csv","key_result_table","1107","bb8c03f1dbdabdef186bad5f2c8f1f3617e21db3f8e19078cdf54221887946ac"
"tables/q1_product_forecast_daily.csv","key_result_table","8806","d272a51f6f2cfdf2bf840b2243c51f0127371e7d2bc43f794841e9e9f316646c"
"tables/q1_product_sales_stats.csv","key_result_table","1436","c7538f260e83cc29d6365bf0b5fd96ac9e23a068dc7a0a477c1efd1dda558284"
"tables/q1_store_descriptive_phase4.csv","key_result_table","808","72f58437ce1b189bca6d5cc74f3db293838033bc50de43942cfd798e248b1057"
"tables/q1_store_forecast_7day_total.csv","key_result_table","505","f52646cf05725b3d683cc3862596d93b410875dd05719b13729e94311b6732c4"
"tables/q1_store_forecast_daily.csv","key_result_table","3998","3c6a153855d1d65cb831230dbbcfcddb3ca618e1cd0c3ee5aca2b2cab6e1f882"
"tables/q1_store_product_forecast_7day_total.csv","key_result_table","8011","4cc0efdd19f2a1c5302ba5b33a3617710c74731c40cc755759d2fb90d6075eaf"
"tables/q1_store_product_forecast_daily.csv","key_result_table","68606","7c0375838567c82d1bae642dd24b14afca307af1f1367c0d0588fe4455a16420"
"tables/q1_store_product_sales_stats.csv","key_result_table","8116","171399f93e8b296600d3fdac33e3cf3a13f942260b7a2cd30be83d01b88d35db"
"tables/q1_store_sales_stats.csv","key_result_table","700","dda0a5540fc3870996ac27d8c04fa31213ac85328231c7c0c0694908f1806919"
"tables/q1_validation_predictions.csv","key_result_table","1275802","949a6924dca773c2632ab49558c3a3acbaf40ba5f5d915b796189ee2acc41507"
"tables/q1_weekday_sales_stats.csv","key_result_table","287","121ebae979146aa4e904feace3ade267aac85660154ebba322ab19c4cd93b631"
"tables/q2_category_direct_forecast_7day_total.csv","key_result_table","558","188f782ec5d158a01e400bc3c37a2c852e67a7ff52c0fd470a80375b4acbab23"
"tables/q2_category_direct_forecast_daily.csv","key_result_table","4210","18a3d74aca7d1007dbac1d2614526a24a2b10a2aab384358d0be3ab6d4a10d20"
"tables/q2_category_direct_validation_predictions.csv","key_result_table","60867","e231c2390287de53e160aecfaceecebbab06914a6710324eb1d9034583e1cfb8"
"tables/q2_category_forecast_7day_total.csv","key_result_table","801","432eb727207ecbf19e81e6c9cf49c3562cc69f1bd2518efe0046f73bd5a0d063"
"tables/q2_category_future_method_comparison.csv","key_result_table","940","1d90370eaf1c2de73be95a8c5ca8d91a94f53057425fe080ab9717875c32c6e9"
"tables/q2_category_method_metrics_by_category.csv","key_result_table","9002","6f04db4fc17a8b06f657d9c678aa26d697a7b7e02d450a7bf659383e354a4972"
"tables/q2_category_method_metrics.csv","key_result_table","1190","2a325379d0e6e8d61457200a5bc0fd95110a8bb4770a59f1b3d1705552395ce7"
"tables/q2_category_sales_stats.csv","key_result_table","872","5f5883bd05de1cdd70af439b12547cda95bf02f691c89a687d1ba5aa8460ece1"
"tables/q2_correlation_matrix_all_stores.csv","key_result_table","3417","0cbab32dde26fdddb820edd578247654fc0ee15397866eddecefb1f820094afa"
"tables/q2_correlation_matrix_store_14.csv","key_result_table","3523","21feefafecd1c474dcae30fbcec1c324bb53c1fb17996d2150167d82ecd98b2b"
"tables/q2_correlation_matrix_store_178.csv","key_result_table","2862","b727ae47b615116ce16a67677c9aabfd0f52252987d7cbe6ba4ae1a3fbedf4ef"
"tables/q2_correlation_matrix_store_18.csv","key_result_table","2419","3b0816ed5d875ca626d77a7976eb39b2b68f6fe6589b8b1eaf40b3b1683d6add"
"tables/q2_correlation_matrix_store_23.csv","key_result_table","2928","f7a9aafb4cbdc9839e4a2e98ffa7ba40be4f0b0746277effe9be4b44bb4d4dfe"
"tables/q2_correlation_matrix_store_276.csv","key_result_table","2465","fc0755c6ba49d89ec4e4de34bc3a62dcc7f40db497a2d7763fbaf57c659098f5"
"tables/q2_correlation_matrix_store_47.csv","key_result_table","2968","d5cf4ef91806a6a124b17465fb34a7c630613e95afb3e64d63c30d603ba27f16"
"tables/q2_correlation_matrix_store_69.csv","key_result_table","2940","a67fc8beb8ff32d086e986f882267281c269fc843ca7251717ea4f71d2304392"
"tables/q2_negative_correlation_pairs.csv","key_result_table","911","46f20a36e1fb5713ba3e516e9f3181d88629a4b4721d237907ee1d148cce2803"
"tables/q2_possible_substitute_pairs.csv","key_result_table","283","b015f08561caa6582812f69ba9368c48ef1c89dc2e8c8a48eb2ca8994cec5bd2"
"tables/q2_product_correlation_pairs_by_store.csv","key_result_table","43463","3469185306b365346758d494eb7ee96001ffcd1680cd70d2454beb7c1a716cd4"
"tables/q2_product_correlation_pairs_full_phase4.csv","key_result_table","6828","a5c7d92aa0097e17ab7f0f2a90fd42bb95553b0b07424a2bdd24d1f81bf1a608"
"tables/q2_product_correlation_pairs_overall.csv","key_result_table","6440","5aa0876423feb19e59e66a5908ac9e297c8c7233712a67be54781d234bfc6c95"
"tables/q2_product_sum_category_forecast_7day_total.csv","key_result_table","557","5df4147139080633e17e3492cb13b0998ab11b8082583ff7178452a5a9faa4a1"
"tables/q2_product_sum_category_forecast_daily.csv","key_result_table","4217","df48141cf1df5083dcbad7523e9153345a0073065aea2725f279632286300ec7"
"tables/q2_product_sum_category_validation_predictions.csv","key_result_table","59370","4bbb3a615c85216e9a29069bac64c75e39edb4e460d9a3d2b297563e70303c2a"
"tables/q2_sales_matrix_all_stores.csv","key_result_table","29389","304a02d4acdc3c3564b046fac9cb1800df49771b4e1f677c7d1d3c6d72eff38c"
"tables/q2_sales_matrix_store_14.csv","key_result_table","26872","59a8fec05ed92cc52b1dfbbc3e2519fab80c48c7314d96f404d3374224588804"
"tables/q2_sales_matrix_store_178.csv","key_result_table","25822","ef17f309f77f4d6adf7df43542e7a861fb6a593e09e0ddf5782dd80cd1f304e9"
"tables/q2_sales_matrix_store_18.csv","key_result_table","23917","c847f5b6f5c9b11ada3a7fabc51ac01b123d38548b60abaee07d06bcae40a9b6"
"tables/q2_sales_matrix_store_23.csv","key_result_table","25284","8884c8c9da4f4315d468b5e25fada1ac2276d2e60451012fc5dd678d44445a7c"
"tables/q2_sales_matrix_store_276.csv","key_result_table","23667","f08857832ff285c613ff859be43969de4e406bfa7d1ff860d102c174fdc5736f"
"tables/q2_sales_matrix_store_47.csv","key_result_table","25467","49b38723f368365721a05a3dd6db1a177f23f77f882c5e1e980a860e0fbf787e"
"tables/q2_sales_matrix_store_69.csv","key_result_table","25722","0fcf2c47d2699cb9f006c8a2fe6010856e426a9220025f35814f0c4704675686"
"tables/q2_store_category_direct_validation_predictions.csv","key_result_table","492644","6f7d3da9ad19eb05f41f271b1477cf19e85b314c4ff797ba9d074dfe0c15c1d4"
"tables/q2_store_category_forecast_7day_total.csv","key_result_table","4453","8932d15255a749d9dc36301a6c5f37dc3d1c52d14a71094ef11595a92c0cf493"
"tables/q2_store_category_forecast_daily.csv","key_result_table","34771","b6b53d5f72aac07d069d819263f1e6b79391fd1dff30d22246056a6d21da3f8e"
"tables/q2_store_category_method_metrics.csv","key_result_table","1280","7b3c21139c0539c8353b85ac42e5d125a9545cb3f2536301a331786fe821a27d"
"tables/q2_store_category_sales_stats.csv","key_result_table","5200","304421614c9e38846e568b6a902cfc4f369f70efe62b170eac8d7f31f178eed2"
"tables/q2_store_product_sum_store_category_validation_predictions.csv","key_result_table","483061","c8f4c278aabfb84e16c296263eafe5552a6a46f9e9344fd7837ecd396028ba0a"
"tables/q2_strong_positive_pairs_full_phase4.csv","key_result_table","339","b7ec231b8116d2973f45472b2e5837a5d11933f7b8b39ae61e594618d09b70e7"
"tables/q2_strong_positive_pairs.csv","key_result_table","304","d46f4b84dad4e8108283f42b5c37180e064869545c4838b7033103927e1ec3d2"
"tables/q2_weak_correlation_pairs_full_phase4.csv","key_result_table","2740","380a208fde2c44d5740f8ad6fd0e0e9c47b49c913ac06aab69852191b2db87a9"
"tables/q2_weak_correlation_pairs.csv","key_result_table","2519","8cc6725105b581cf10b8215813622d41b4445adca7857957eb9f91cc370c20bb"
"tables/q3_activity_day_scope_phase4.csv","key_result_table","168","b66d5b8cc7def69ff51b5d54e24bd4d779cb88e7fef0d816e560cdbec6d1e2b0"
"tables/q3_binary_factor_descriptive_stats.csv","key_result_table","430","8c11778d9ec2fb8a730a016ac4628273b607b5f2c010539a258be0be3aaba54b"
"tables/q3_binary_factor_mean_differences.csv","key_result_table","329","a61f99e9c7a02c0199d9fa379edd26502492b9f57953e29a9969671dd8081fbf"
"tables/q3_calendar_combination_phase4.csv","key_result_table","263","281915c82475cf2646858f2918196ac7f7df288d2c0b100b18c63be6a46dc6f8"
"tables/q3_calendar_overlap_phase4.csv","key_result_table","440","94f38578c9ecca8f41c87d243f178246b202ac3722c9e7728dd85ed8ecbc33c8"
"tables/q3_continuous_factor_correlations.csv","key_result_table","364","df1e4726bf87a63e1f471e9b10a204640fb2fe29e5607a15ef63129d92dc774e"
"tables/q3_daily_external_factor_table.csv","key_result_table","51194","33c68cbc386cf99e5a49ce966b2c850b53f8c2ebadddc117eb2ae8454c27714e"
"tables/q3_factor_summary.csv","key_result_table","1705","afcc6d567722ebdd8c409e2d9b8f3e2b9e6fe5fde1e0af66c247c5612e2d7def"
"tables/q3_random_forest_metrics.csv","key_result_table","258","4189b510f68347d51920d3af75bce4cfe931241b7756675d716b7440f3730143"
"tables/q3_random_forest_permutation_importance.csv","key_result_table","772","dd2dbdfb89087031658a40d2f472e8bb67a44a398e056e64a4494503f84b1ca4"
"tables/q3_regression_coefficients_external.csv","key_result_table","2729","1d721b3cf0154a2b565e81e3b1bdff44c43f8538bd31813c56b653a2b04db910"
"tables/q3_regression_model_summary.csv","key_result_table","795","28999c47939792ad820caad5b3e08051740e49d47d08023edf01d45088ae8cef"
"tables/q3_variable_availability.csv","key_result_table","815","af0e05a8d5aeec45a2bc4e5821f46621fb1163f2039860bf8108ba6c29bb23d5"
"tables/q3_weather_descriptive_stats.csv","key_result_table","897","0b3f973010c2edf340731a9aa107dce422914f990edade67a50849f6ab8fb73f"
"tables/q3_weather_group_descriptive_stats.csv","key_result_table","425","beca27e1d3fa2b49226bea623be530f58f99e1d558e0882ea58cc3ea97211bcd"
"tables/q3_weekend_supplement_coefficient.csv","key_result_table","495","2cee308f4b89ed0d747790dbdeb69328038ad805531c389717d94b4855f72cc5"
"tables/q4_ablation_metrics.csv","key_result_table","11562","73bf0853e30b6bfb86ba96843aced02e7122c28460676d56f43c25af350dbc2e"
"tables/q4_ablation_predictions.csv","key_result_table","5836997","7475026cea23ecb8e7a1b7c1b4e15ebf9a51c6e91e62fde66360110e28a4476f"
"tables/q4_candidate_leave_one_window_selection.csv","key_result_table","7219","fcee696cf0a31fed49322235749cff6896ebf89d8c57fc38ae263e92bbfdc844"
"tables/q4_candidate_model_metrics.csv","key_result_table","82389","d35e33ec1c15c680d2c69cf5d1d6695afdfa6fdcb127c2636ffcd986ff9ebdd9"
"tables/q4_candidate_model_predictions.csv","key_result_table","38833153","9a90a86ea3d4526589bc360925ed1aab41980fc743f27384b453f7a1033a2d28"
"tables/q4_candidate_window_metrics.csv","key_result_table","53931","5090dfb3c22d85185997a13e485321d62bace038d2c146dc0a899812ca95528b"
"tables/q4_category_forecast_7day_total.csv","key_result_table","498","f89ce19b8a55341393a533f5a2d995ed694d9d30570446fe79022227b1415649"
"tables/q4_category_model_metrics.csv","key_result_table","868","fdf063c68fec0816b6051b664faad452d626f84c22f9cd342a1745cbb9078fed"
"tables/q4_comparison_with_previous_models.csv","key_result_table","520","bf9b0dc2099fd4f986d7d2b7e8af388cbc0840ce7bf09547087a21bc54306a5b"
"tables/q4_error_by_calendar_type.csv","key_result_table","678","a8c44550229d4e71f36a6d8e7fbd13845a05781be544188f25530c9272d04b9c"
"tables/q4_error_by_category.csv","key_result_table","1467","67b71d40a24939fe4818f242eff0ee581d722523df7fd8b4f36b5d4ef75e01cb"
"tables/q4_error_by_product.csv","key_result_table","2554","b28dae48324fbd7c545f8ec398a083d6813440ad78f0d4f3481e1034201233aa"
"tables/q4_error_by_sales_volume_group.csv","key_result_table","532","b16e29731a00a434ae01222a46586f72cb0925ec8cebc9e648194a0df2a5becd"
"tables/q4_error_by_store.csv","key_result_table","1360","c1583e71a6bc2d6bd9da204bcfd177acb17582cd9716f15e03d0ad86992d93e0"
"tables/q4_feature_dictionary.csv","key_result_table","605","787472ee4717b2edaae724eebf5884e13c62e81564a540c3857b33a446b50e92"
"tables/q4_future_external_scenario.csv","key_result_table","1111","7f9daa946e3f8c592583990d0d79488e35a600b40204240e83699fa841a30005"
"tables/q4_hybrid_error_by_calendar_segment.csv","key_result_table","1340","c3d9b2ce9fc4afc9e3925d4e103765825527099e2314bacc04f5c3bb736663c9"
"tables/q4_hybrid_error_by_demand_class.csv","key_result_table","1104","013f37667649f4292e705c304ae74f745616587c04f15652b8aba0dc0f9a8d43"
"tables/q4_hybrid_error_by_horizon.csv","key_result_table","1227","378a59f6aac5b7733bfc958cf862f41a0aa7c8c487b1fbc5d58c72b7e43d7aa7"
"tables/q4_hybrid_forecast_7day_total_by_category.csv","key_result_table","169","193bd4b0f635ffe523f8c5ef45d1aaab4bdfd4767f271b1e42b02d431d8618ea"
"tables/q4_hybrid_forecast_7day_total_by_product.csv","key_result_table","647","0b964c528f0a7015c5ef6bc8edb6076fbd26b275367125e544fdab263edec181"
"tables/q4_hybrid_forecast_7day_total_by_store_product.csv","key_result_table","5249","bbc300f9e4c2b920968a809b8d9bb8e7fac2ff0cf067519f7894bb589a39ee1b"
"tables/q4_hybrid_forecast_7day_total_by_store.csv","key_result_table","220","d291da402309868f593479b7db6f6872b9d3f62304004cf754efbaecbd8e1107"
"tables/q4_hybrid_forecast_daily_by_category.csv","key_result_table","1569","d666d9691f90985bf34a5895eef6a68b78064f9a97d86e9ab89ee5637bd9494c"
"tables/q4_hybrid_forecast_daily_by_store.csv","key_result_table","1773","8178335de212c74ff6bf238620b8700b7f91dd094278dc53caf8107600ea5d02"
"tables/q4_hybrid_future_low_volume_classification.csv","key_result_table","17856","86a879576279eae603c08268c444aa761cd806339bb82e1310ffe767f1104b4d"
"tables/q4_low_volume_classification_summary.csv","key_result_table","1564","cb69cae1eff800ef0c0712d232a3a4ba0283502696ce3a64d1a9de934002b364"
"tables/q4_low_volume_classification.csv","key_result_table","70155","33def4edfff48a72c82721575d692b8ed4cd1a2b3e2ce0440ebbd8198fb40132"
"tables/q4_low_volume_strategy_by_class.csv","key_result_table","7205","dc58a21d1a78912a40e6e4861ec25cb46b740518e6147aad4a12b473e63e043f"
"tables/q4_low_volume_strategy_metrics.csv","key_result_table","8447","29d5808b4f6736af0ccc1788b347c450e8fd432e5a297d822a8c589a4fcb9fb8"
"tables/q4_low_volume_strategy_predictions.csv","key_result_table","4854724","3e2417e434d8f11ecd10ccc479e8f8fca86c151a3b3b5b2b60157bdd7da4a59e"
"tables/q4_modeling_feature_table.csv","key_result_table","9826058","8a51d4e6b70b638bb0e817dcac4851ed01557970ae9bc0f01aa13c63bb4db09a"
"tables/q4_product_forecast_7day_total.csv","key_result_table","1137","33df2a365f283b6503e759bd111e4bd3b123fbed1ed476393dfb52fbeab7b7f5"
"tables/q4_recursive_7day_comparison.csv","key_result_table","6863","0d594de98d70384057b37eb714deef51dc83871eda248f90be7f3ab3296eed9f"
"tables/q4_recursive_7day_metrics.csv","key_result_table","2839","0b42114ebe97b52f61cb42fb9773664faccb8380f5a072fc778ee60aabd265c0"
"tables/q4_recursive_7day_model_metrics.csv","key_result_table","3754","9b421403eaaf972a4d1fc93ee2884e8094d5c4a5e529a8a9dc7d1c7d95c223b5"
"tables/q4_recursive_7day_validation_comparison.csv","key_result_table","4819","d04b7d0eff7893607c90c9afb527cd628cff25fa43d858e0e78bab4266e57cbd"
"tables/q4_recursive_7day_validation_predictions.csv","key_result_table","3137048","a0a210d3ef7fcd33ebd48147756b6882436ae9aad18d2e1918026cfa9c91227b"
"tables/q4_recursive_7day_validation.csv","key_result_table","2807203","f61829cc12922c9d44c483b8eef5aa2663d0d546598100d349ef8a392f3b8826"
"tables/q4_significance_tests_daily.csv","key_result_table","1060","c166f182d0904e10351dec38b2f8c61b1cc4fc1fe27cd5cc1b498a1d9e7a3b3a"
"tables/q4_significance_tests.csv","key_result_table","1159","265300474f3a642d67b0b405e2418cabfb6fdfd9b01d7bb1ed5eab849303734f"
"tables/q4_store_category_model_metrics.csv","key_result_table","911","dd8b5a372292dd824ff4db6dac1defb956cc97a0878fbf9e9bc3a61a51cf3a49"
"tables/q4_store_forecast_7day_total.csv","key_result_table","509","e36fed100e91f37bb178477b742a885239e09a347e5976968e0da2061409fd15"
"tables/q4_store_product_forecast_7day_total.csv","key_result_table","8218","eff83fc86d2c652457535ea237ae4359482599957de0d853847e1701d0ce493c"
"tables/q4_store_product_forecast_daily.csv","key_result_table","121123","e9b59ddddb9661daf30796919655582aede5d3349f69f8bd6fb71c24e7121581"
"tables/q4_store_product_model_metrics.csv","key_result_table","908","0fb91386a922117aceea7a883426e56356b80aacd11f86f7901107cbf7136ba7"
"tables/q4_validation_predictions_store_product.csv","key_result_table","1902515","00512042461e7fe2f7c9a10e893e7ad1db6ff90dc2f5a146617d5f50f37b12d1"
"tables/q4_weather_sensitivity_metrics.csv","key_result_table","4612","870f45432681d0bec18bc39b016ea689a019c0cb41c64e7d46c6a8b30db5d87c"
