level,model,model_label,daily_MAE,daily_RMSE,daily_WAPE,daily_actual_sum,daily_prediction_sum,daily_n,daily_WAPE_pct,recursive_MAE,recursive_RMSE,recursive_WAPE,recursive_actual_sum,recursive_prediction_sum,recursive_n,recursive_WAPE_pct,WAPE_change_pct_points,WAPE_relative_change_pct,recursive_result
category,ridge,综合Ridge回归,7.436193957025148,13.450354153894036,0.329126150241777,5061.0,4641.865608309379,224,32.9126150241777,7.788759008645186,13.858142603857845,0.34473068917931665,5061.0,5018.373404515085,224,34.47306891793166,1.5604538937539658,4.7412030086568695,严格递推误差更高
category,q1_store_product_exp_smoothing,问题一门店-商品简单指数平滑,8.301295792057356,14.644155959877327,0.36741558139119695,5061.0,4917.650592000413,224,36.7415581391197,8.126639157522604,14.552257272596073,0.35968527391524663,5061.0,4732.861663534109,224,35.96852739152466,-0.7730307475950369,-2.1039683310870987,严格递推误差未升高
category,baseline_moving_average_7,Baseline移动平均(7日),8.387117346938776,14.527573185259167,0.37121404578428885,5061.0,4953.428571428572,224,37.12140457842889,8.245495139381221,14.547199379476858,0.3649458429601647,5061.0,4900.266964809366,224,36.49458429601647,-0.6268202824124174,-1.6885683328282757,严格递推误差未升高
category,baseline_rolling_mean_14,Baseline滚动均值(14日),8.239795918367347,14.726701221352112,0.3646935952804358,5061.0,4845.571428571428,224,36.46935952804358,8.55089867866421,15.17550411665241,0.37846301205706046,5061.0,4788.147203047154,224,37.84630120570605,1.3769416776624652,3.7756124469464463,严格递推误差更高
category,random_forest,综合随机森林,6.937518111950532,11.070677946820828,0.3070547435441453,5061.0,5086.392512692561,224,30.70547435441453,9.051913143656915,16.999508003902402,0.40063792613695887,5061.0,5788.575991847978,224,40.06379261369589,9.358318259281358,30.477686653734793,严格递推误差更高
product,ridge,综合Ridge回归,5.514902351358315,10.648541407302536,0.366134595940801,5061.0,4641.865608309379,336,36.6134595940801,5.8232614183583955,10.905221441150093,0.3866065671939184,5061.0,5018.373404515085,336,38.66065671939184,2.0471971253117403,5.591378547693274,严格递推误差更高
product,q1_store_product_exp_smoothing,问题一门店-商品简单指数平滑,6.036405799013767,11.60524469865301,0.4007572314697937,5061.0,4917.650592000413,336,40.07572314697937,5.883369771367516,11.257313988452804,0.39059716324431637,5061.0,4732.861663534108,336,39.05971632443163,-1.0160068225477374,-2.535217689825547,严格递推误差未升高
product,baseline_moving_average_7,Baseline移动平均(7日),6.131377551020408,11.553886194704981,0.4070624100262511,5061.0,4953.428571428572,336,40.70624100262511,6.082134318253137,11.354085545535156,0.40379314975954433,5061.0,4900.266964809366,336,40.379314975954436,-0.3269260266706766,-0.8031348968075761,严格递推误差未升高
product,baseline_rolling_mean_14,Baseline滚动均值(14日),5.971938775510203,11.570222547800736,0.39647726310441184,5061.0,4845.571428571429,336,39.647726310441186,6.15741157016797,11.820357649850862,0.40879080963770753,5061.0,4788.147203047154,336,40.879080963770754,1.2313546533295678,3.105738381283402,严格递推误差更高
product,random_forest,综合随机森林,5.189339900859346,8.803202894928853,0.34452049134335905,5061.0,5086.392512692561,336,34.45204913433591,6.582168830930361,13.03979590844717,0.4369904618045053,5061.0,5788.575991847978,336,43.69904618045053,9.246997046114622,26.840194642874813,严格递推误差更高
store,ridge,综合Ridge回归,8.948512499244586,14.439282847312594,0.3465537344105787,5061.0,4641.865608309379,196,34.65537344105787,9.52705500230349,14.447078843483748,0.3689592532012417,5061.0,5018.373404515086,196,36.89592532012417,2.2405518790663024,6.465236575439152,严格递推误差更高
store,q1_store_product_exp_smoothing,问题一门店-商品简单指数平滑,10.11954328256597,16.269922058577702,0.39190485741610953,5061.0,4917.650592000413,196,39.190485741610956,9.81017115318249,15.963126120538083,0.37992364078715035,5061.0,4732.861663534108,196,37.992364078715035,-1.1981216628959217,-3.0571748224692157,严格递推误差未升高
store,baseline_moving_average_7,Baseline移动平均(7日),9.836005830903789,15.858104795764616,0.3809241538939227,5061.0,4953.428571428571,196,38.09241538939227,9.978367274578453,15.773037641756574,0.38643746014964964,5061.0,4900.266964809367,196,38.64374601496496,0.5513306255726889,1.4473501350251066,严格递推误差更高
store,baseline_rolling_mean_14,Baseline滚动均值(14日),9.927842565597667,16.01855897295943,0.3844807632596607,5061.0,4845.5714285714275,196,38.44807632596607,10.148811326219006,16.307032049048086,0.39303833628510676,5061.0,4788.147203047154,196,39.303833628510674,0.8557573025446032,2.225748032981999,严格递推误差更高
store,random_forest,综合随机森林,8.995173051273811,13.878293402925221,0.34836078206869536,5061.0,5086.392512692561,196,34.83607820686954,11.283905171344928,17.909855571042392,0.4369977106468299,5061.0,5788.575991847977,196,43.69977106468299,8.863692857813454,25.44400321177821,严格递推误差更高
store_product,q1_store_product_exp_smoothing,问题一门店-商品简单指数平滑,1.798773835245611,3.8183962169442656,0.7563309072125391,5061.0,4917.650592000412,2128,75.63309072125392,1.8157322272490461,3.772464167389725,0.7634614067547856,5061.0,4732.861663534108,2128,76.34614067547855,0.7130499542246298,0.9427751099748012,严格递推误差更高
store_product,ridge,综合Ridge回归,1.7364487610285693,3.6693867701314185,0.7301250668778494,5061.0,4641.865608309379,2128,73.01250668778493,1.823764183245179,3.702480935606589,0.7668386054032288,5061.0,5018.373404515085,2128,76.68386054032288,3.6713538525379477,5.028390366375629,严格递推误差更高
store_product,baseline_rolling_mean_14,Baseline滚动均值(14日),1.8024301825993554,3.758060617203756,0.7578682925452338,5061.0,4845.571428571429,2128,75.78682925452338,1.8469090790815068,3.819260102850121,0.7765703458378673,5061.0,4788.147203047154,2128,77.65703458378674,1.8702053292633565,2.4677181347466495,严格递推误差更高
store_product,baseline_moving_average_7,Baseline移动平均(7日),1.8115601503759398,3.7674521012584843,0.7617071724955542,5061.0,4953.428571428572,2128,76.17071724955542,1.8652681056621856,3.7969509585657097,0.7842897705688858,5061.0,4900.266964809366,2128,78.42897705688858,2.258259807333161,2.9647348598996466,严格递推误差更高
store_product,random_forest,综合随机森林,1.7633858787090468,3.543319141699576,0.7414513238278703,5061.0,5086.392512692561,2128,74.14513238278703,2.0232912145090567,4.907789167647516,0.850733788673241,5061.0,5788.575991847978,2128,85.0733788673241,10.92824648453707,14.7389938264836,严格递推误差更高
